# Noemi Boni, Lorenzo Zaffina
# Cantucci_e_Soppressata
# ML-CUP23
# 30/01/2024
1,8.998456827177414,8.85906624681666,19.709033578217515
2,9.338383869614198,-36.452968678540024,33.741035701236285
3,9.589504847862166,5.336512428552098,20.14227754022768
4,-14.177510049319302,9.504866621983929,24.65316602170465
5,-49.02563410650104,8.13197689098066,30.71673064875378
6,9.156745554730684,8.93040423811496,13.318834430466438
7,9.353510914844286,8.37721553917173,13.430224433461888
8,8.288680966385947,9.489253214671812,6.872433071621288
9,4.712540642522264,9.680468645932724,6.524288593771502
10,-38.4974206610136,8.773637328780488,24.43156673768484
11,5.71149738198212,9.53939676491403,12.883595246353096
12,8.621510095740085,-46.42127307847672,15.063337081564924
13,-11.694633096848044,-63.02066297477783,15.975320051251828
14,-23.523839968393453,-51.44368709228538,9.97945958312377
15,-68.9103457880743,-4.72803152199314,4.643432995244439
16,9.645589636708017,-16.091236933872516,8.012430890465595
17,-6.502317036839578,-68.8739476964403,9.34771062036586
18,9.58170999717813,-29.391920686104577,33.217942349105584
19,9.527537161160488,6.841732572776074,13.670797341591424
20,8.042402066589737,-54.15894343187173,15.180325109488962
21,7.208172262894514,-58.63949354068804,2.7069056047950824
22,9.590116491134175,-25.819118415421848,21.128912190361802
23,-49.105327879940354,8.46769954377374,24.21539120854255
24,-70.39518076027974,-1.2759473856431107,17.21552022346188
25,6.101321308537557,-62.75252962757842,2.8477964279652213
26,9.793070309806943,-5.5152907315581245,8.14804201078124
27,8.112679389614378,-53.54325432102116,2.6700752792691844
28,5.058433745818228,-66.03654942586832,28.165706221894624
29,9.714342505915077,-4.65583447488082,8.084940429890565
30,9.208989073556971,8.200210014279932,26.00400508798255
31,9.304180817975087,-6.016464544913383,20.694192152999108
32,4.5272836791055155,9.673695804415193,6.503510801394498
33,5.216971056688372,9.430298529969825,0.3110444873678375
34,-5.358466730016609,-68.55300149735561,15.100842680108798
35,-63.89740113485923,-11.206295519258518,29.600781656225877
36,-10.257074992730487,-65.01923654083137,28.67841465390896
37,5.986418328610533,-60.80091216134394,34.22136668041529
38,-55.16949458294352,-20.003158064946266,16.835291588946035
39,1.8312005957642654,-70.28199314603802,34.60944910246329
40,6.909399916272058,-60.491955814105374,8.99531879716855
41,-68.63734312695667,3.967811838379987,11.144729606549163
42,0.5968122577899848,9.509829077986069,18.880037717564463
43,3.1473423229571367,-69.32963797348333,9.303870014675994
44,7.26238251224995,9.526601192084897,19.384463649439965
45,6.943278134390447,-60.45077446449098,15.341647363944361
46,7.273876964550844,9.710258612466056,31.914002600907494
47,-1.096608159832023,-70.54477681912928,9.267897929558757
48,2.3503025726384053,9.706195167813654,12.689134488933206
49,5.846815296757448,9.479472306238495,0.3086945400849004
50,7.76191283496123,-52.663613299422984,27.820498406453765
51,-71.01067025092132,2.2969267042271895,23.654943962025527
52,-40.284542201373405,-34.42134128083101,16.185760737924596
53,-54.578948814801386,-20.503193118589977,4.270540229015722
54,-65.26021508884261,5.500349500946413,17.51918796371804
55,-0.9410251911049059,9.517252958609838,18.925919721953164
56,4.610399632361428,9.676282788944338,6.512326038913756
57,9.056202946942811,-35.54520599231494,8.262412756371504
58,9.456622782165333,0.4980540192763243,1.547546650805657
59,4.461821116924192,-67.55633399936053,9.176548921213879
60,-48.111522026627576,8.164695808417658,11.656863815966055
61,5.830193282261597,-61.567498438370045,34.33753704188811
62,5.690133485985051,-64.09074207197574,2.8991982314680342
63,9.248919821807839,-35.390151933488376,21.3312288659113
64,9.47913229901652,6.921428345788652,1.248118390294394
65,-39.542998965590165,-34.90949633035828,4.0083454220939245
66,-30.01606786019179,-44.60663122987299,10.14481315344048
67,5.348915625476046,-65.239927372348,15.464501827244902
68,-39.95897225508654,-39.7805822517842,23.3899309956698
69,9.457836293342233,2.6357880644997778,1.3925431569054183
70,-38.23411170029758,8.787562184980082,24.460519912628172
71,-58.4977339274378,7.313078516354363,17.66251333213968
72,9.717199703892128,-13.961258237386424,20.472923318837076
73,8.03362251725175,-48.95715826483964,8.980049211476597
74,-3.3374566557217022,9.59386138750314,25.06087195611306
75,7.590606328304851,9.61583549924391,6.813793641115865
76,-69.99922444463232,5.712064551735391,17.5622464332574
77,9.626834714063556,-6.5346359373531655,27.00753655312205
78,-23.6570818006384,-51.27887785197767,10.000596430150807
79,9.423976002723656,-7.981582687708631,14.566634746574238
80,8.930546995511257,-23.265449443380277,2.1768769484721986
81,-61.43338982686394,6.655645133011568,17.562429010782054
82,-61.438180769331275,-13.718237658586087,4.341071576798555
83,9.61881919231191,4.78867625125654,7.651445443777732
84,9.155638255846291,8.863645299909365,7.065688899380916
85,9.230744149950304,8.159616916906778,19.809074681736448
86,-68.81667102007529,4.152173508378382,30.266205056066397
87,-31.741023125122958,-42.58899589493031,16.368788533099263
88,6.9800916398238755,9.576645635063159,0.35958884649485867
89,9.655539538264655,-3.750639663655015,26.968434676692013
90,-16.99632702543378,-58.61260666046143,3.6970964163626547
91,-18.928575359391722,9.621323182515887,24.69603761939176
92,8.582769368081834,-46.90565627402196,21.115154738271514
93,-63.670841943473256,-11.431890825506596,4.369877630345712
94,-54.691807552183086,7.783304436631386,5.163391723250783
95,-37.911358174918895,9.16124675690331,17.687668649901994
96,-1.1745717463323686,9.690914745540454,25.240409136034927
97,4.89243832650768,-66.85350648253123,21.693844801963763
98,9.83502968760606,-6.451633693938263,1.6047982480602911
99,-64.9399711137493,5.65310180488002,17.55120230055293
100,2.6771688948294,-70.65260040291659,28.343583167323544
101,8.021289724154961,9.605486793429868,31.968532854077736
102,9.122867605637587,-16.33653523868425,1.864992907688901
103,9.561046104814203,3.555056095555507,13.990914106170692
104,-7.241917312848592,-67.1924828915295,28.520536478992852
105,1.897685348535468,-70.3304318419861,15.680039871522098
106,9.788376213400987,-32.29357363755654,2.1292575681571577
107,9.471838155212048,6.888147026209531,1.2495770905412655
108,-51.1562279084312,-23.14607386140562,23.028820422463014
109,-69.95229172273227,-2.7869398741804474,4.597635150805701
110,-8.52703857978566,9.429501572243748,6.168440664594911
111,-65.14059799312159,5.264148066476935,30.162101366666064
112,9.736204231365399,-12.622893426881674,8.209304150632278
113,9.530756326116737,6.848113057683115,13.669820735484251
114,-71.0844281761382,1.5400833184133909,4.76321223205062
115,4.956438370252691,9.413664080006534,0.3138406099989197
116,-62.044408015187635,-13.157864341935424,4.352315800357445
117,0.3914774757040149,9.167478690194166,6.374691016311132
118,9.641419547612735,0.2657507421525409,7.936878869527703
119,-25.382091436360305,-49.67741622912959,22.536533559246976
120,9.46622619770394,0.8404288218556388,1.5341617768522724
121,-54.55934062711905,7.793145972230533,23.93999502474324
122,8.692715811124707,-42.03591414988281,14.915964095770988
123,-7.560680739145063,9.757363066878806,18.791286489226763
124,-66.84879882236308,5.563606812236916,23.884062370793572
125,2.2949129912562043,-70.00597743564944,15.712586162222323
126,5.372677763582168,-65.2159343503399,28.088639408086664
127,-9.970683249603077,9.65451358255697,18.688541126003372
128,9.489237649143796,2.969271276358782,7.69683852128216
129,6.893000984288072,-59.92581211876866,2.7420520850825767
130,9.492983896653719,3.4016387642972177,1.3713343427775442
131,9.578621137154322,-15.942225113730053,20.475384079323817
132,-69.47723068204678,-5.502534630484902,17.25412146631743
133,8.217654899581042,9.475528450026388,19.520030027459484
134,2.8402193776605813,9.362472528208393,31.64558716335354
135,-25.99479878961288,-48.727562011748056,9.975705968100073
136,8.588143339436918,9.39945967506857,32.043002296054894
137,-47.175218898256425,8.597174822954905,24.272475985756735
138,-68.81111558327743,-4.9109234862430995,4.629355891600142
139,-56.703464048275386,7.444949328775277,5.1493050481218745
140,-8.434801326659773,-66.4973865806962,34.82324725999746
141,-49.40288220475127,8.359478673463467,5.051601661851322
142,7.814693606204763,9.489710094332317,12.974918490049518
143,9.961690204482032,-8.401113397601435,8.333127897977676
144,-69.693457306113,-3.6943842096545154,23.396980755976244
145,8.200873969320433,-52.50828585546781,2.668313448353473
146,-62.06217795809389,-13.158387498554646,4.352022363811983
147,9.108727236961577,8.963340674807444,7.044444261378601
148,-29.850272557706695,9.511022608671212,30.80003441735699
149,-55.077754248240076,6.503266431614456,10.997990746853318
150,-70.36012084085232,-2.9941946841070077,10.889940452918637
151,-67.10512166256567,-8.370090712740357,23.724979566854074
152,9.371646480423259,6.795863920533861,26.160211512683162
153,7.365083261069707,9.698525616939719,31.91893645168824
154,5.835212863674506,9.73426897385119,6.663324055698439
155,6.2858286795896205,-59.48922559064146,34.08034004697339
156,9.207635032856068,-15.179961910924497,33.34017347165377
157,5.573265781995609,9.54016671319507,12.88202417240305
158,7.740509110749734,9.536212349122799,19.445001099245886
159,4.5805653461453275,9.678310702306447,6.508556141739049
160,-62.2768024167622,-12.904952715794641,10.509506189675534
161,-6.388034608165846,-67.60660296176053,28.4600781673428
162,-12.400113617595572,-62.06653818944164,16.13794547100221
163,9.489154937959732,6.937061849450707,7.332956009180577
164,-18.24501059912152,9.91383437531254,31.018321876076143
165,-22.963451325989446,-51.40186963830475,28.982456910471427
166,7.071724551223404,-56.56091080371075,33.833657668663704
167,-65.4418169334464,6.044831476215389,11.254421544148002
168,-60.79290795921447,6.766271764419393,5.051475383826656
169,-68.10407130318742,4.552513058170511,4.883410573351213
170,-42.71618689850491,-32.135746293159336,28.94812869428668
171,-39.44666648297957,8.957149263752477,30.31978167947713
172,-68.02691315292103,-7.186844745348067,10.653271852711867
173,-29.70447392468666,9.335400505840099,11.807140561187097
174,-41.61792980653306,-33.0383381443317,16.191655344401028
175,-16.641484934653626,-58.08000939485723,9.852153013240212
176,2.853958236310312,9.67493940972308,12.705546032797372
177,-56.506099690451414,-18.75193601997741,16.691847411672626
178,9.687324431685873,-3.7655949284363928,33.07809402554855
179,9.526516084866238,3.381662169314467,7.696316875893274
180,-34.946101163095285,-39.669296371765626,10.053681799565965
181,7.602452941652835,-55.72187013442865,21.663979848183118
182,9.669593644893801,-26.101092179005114,8.457288186310308
183,-63.94987718613036,-11.120786597341947,29.597333573759414
184,-4.587141277322623,9.17743282974848,12.145209955514943
185,-21.577315774105024,-52.956396840126175,22.874150483708007
186,5.957517554148261,-63.21028671071876,2.865628064296942
187,-46.49031663747949,-28.033212813785976,4.037969333169457
188,-8.879589085925865,-67.38525442419072,22.0183232965675
189,-13.554481979541926,-61.64164232144092,22.48937615319855
190,-61.858020596992766,-14.056511595295127,29.3796658394576
191,8.713957206277563,-40.820920286666755,14.830068987769408
192,8.84382018600413,-37.30159785571919,14.544856268343182
193,-27.796217189026244,-47.399197810852726,22.603359032830866
194,-70.86596047310931,-0.1901951529934962,29.86115435798267
195,7.83213598922989,-54.16238198853943,21.58076769487147
196,9.442540343754011,1.623183013360837,1.4721951285186776
197,9.61057670021821,4.969867194464165,7.632881711043723
198,-69.02023612873765,-6.519495395929809,17.095709160023375
199,8.776624550340351,9.303832340917992,13.184282742873293
200,-1.2268759025668956,9.692884720787475,25.23973522178656
201,8.30054797287189,-46.66260840120784,8.908644077329512
202,7.694897907511766,9.665740795387343,31.94109941425998
203,-69.8854232062219,-2.9398448752183626,4.610838301594953
204,-9.568332682731644,9.419425145224317,6.178459145861609
205,7.771448517754514,-54.5064561867029,21.59999727370078
206,3.486525453279704,9.404127187606115,31.70487344635329
207,-56.49009364387002,-18.63461048638569,10.561934406797121
208,-35.6061468929606,9.113500595595003,11.87341310789811
209,-13.458392957721323,9.44072270179969,5.974271711892214
210,-68.82918183946424,-6.300955115145014,10.570230151614481
211,9.443805363057571,-28.888917673396357,8.590597031482304
212,0.6892329623730333,-70.7065525783922,9.184264418227002
213,9.47345695964625,7.034009389105332,1.2410222695791049
214,-8.234268792171953,-66.40691827518884,9.719030311530076
215,8.856216552158763,9.24332176855139,13.209657993022716
216,4.397102178475642,-67.64111591275841,9.186370457011634
217,-30.395206897896493,-44.633870375219054,3.8013863783589557
218,-36.82013185261608,9.198510936473234,17.663111645565493
219,9.337618657244228,7.256959008715917,26.130526600571272
220,9.955233441614176,-8.666704971242929,8.328073177522782
221,9.115522366409799,8.575891319001755,19.754236165123444
222,5.13176878325006,9.56044235814742,12.866795848609115
223,-70.70110989073166,-1.0998002348190994,29.62304057051911
224,-31.146987551587394,-43.07103065428561,16.39707276805254
225,-70.82111972571866,-0.4828597251796438,29.77540807736939
226,-69.99633540219673,3.5487910199565533,18.00416499713502
227,-29.556830219572,9.352149267716399,11.802555296035663
228,9.555976374697956,1.8012121118816893,32.73677267154444
229,9.198131108784445,8.785096068462607,0.9832338404539769
230,-52.194766732200925,8.108209775343077,23.997597602171226
231,1.0150560606985195,9.516299919052138,18.897699860008004
232,-23.034476067754703,9.226427045853452,11.899623085053108
233,7.823497915329675,9.57018336333699,6.83127033673847
234,-13.163999403266054,-62.444450251132075,28.52753962136555
235,-60.17184876791371,-15.956607807864835,29.461755052504927
236,-69.2026635485391,-4.197148499244433,4.667846303772393
237,-21.93067322150896,-52.73709325447469,22.801600282972885
238,-3.3547558621442946,9.582796400786371,25.057238475480176
239,8.189964064836452,9.508066964785588,6.863777800729451
240,9.660368246192682,-1.2167319864768587,14.171509831716378
241,-70.6518408900198,-1.6746097451250996,11.054702869663714
242,1.5197817535327758,9.717854858220651,12.666886132254618
243,-41.512833182312654,-33.02288833362908,10.426168816748458
244,9.381204446763682,7.886056608649973,7.205307439257751
245,-66.47700884543116,5.440586490418475,4.9220979748309475
246,-26.181611691343313,-48.54053875959181,9.966761148809809
247,9.269631515808577,-35.24515430220628,21.331262013452914
248,-71.10089432820516,0.5121029441098273,23.411136640711604
249,-55.491727371671836,7.684101020992664,23.934574000373402
250,9.299821974698169,-21.404823067141628,26.752250211444306
251,-5.143184101257624,9.65708395106753,18.865157194744825
252,-15.914574305808095,9.523088424067993,5.935873864008684
253,9.816856293771615,-12.171795729518614,14.588962373602811
254,9.280724925308412,-35.146656749836815,21.330617404593767
255,7.923411997485026,-55.087707846079205,15.188925624388133
256,3.4906672058060835,-68.60267374751564,15.66594220683234
257,-26.183861081669285,-49.156510890637286,16.468402384648215
258,0.25625760763514194,9.624445402916969,25.250353067222918
259,9.22400244230257,-11.952649708199239,27.222203543901486
260,8.884769136197654,-38.77158678384978,21.27952893010061
261,-9.627981518576554,9.440517249551796,30.915134078651704
262,2.4230176585612284,-70.01793268606903,9.279463899649471
263,9.746181005413085,-1.560291444187449,26.770754100633113
264,5.512711834977232,9.559484270319672,12.88122640148876
265,9.250982477545925,8.03584330995674,26.032902240326663
266,9.16633083127683,-9.63458226146755,27.251528897132033
267,-38.94833706279224,-35.60016396367932,3.937001466853843
268,-12.2369970032126,9.422186096127248,6.057719899165804
269,-45.42669534091326,-30.28590618235669,23.13397334486345
270,6.635386744909987,9.490884159401332,19.317423305010465
271,7.3839216600230415,-57.59214557306128,8.963972574992653
272,9.372481586976754,-12.755468810209273,27.226365929571728
273,-49.922699572276635,-24.178876685489286,22.921323347765025
274,-64.6538870741816,-10.193418343958385,29.564040703642164
275,2.2441387363850467,9.461852113624232,18.991146440989027
276,-33.834317072815374,9.210071070769544,17.844913667233392
277,9.737926672795332,-22.437360199482875,8.275190842176215
278,1.3813257047642296,-71.72433557836456,28.307749893863814
279,5.6391276330420155,-62.64247405479244,34.51302338500773
280,7.810355505137203,-52.02966721088281,8.963748365439727
281,9.735369286524381,-12.979281076084206,8.217213655433596
282,-21.56022682472983,9.326303159963004,11.979899388203293
283,-37.322546619441574,-37.241830324225155,29.052987427693097
284,-70.27073197873258,-2.342665227448556,29.52148980465897
285,5.7715287800949895,9.472505951057176,0.3084669138871732
286,-71.15299427420106,1.1568166169308292,23.511574825986102
287,-37.508207660356994,-36.97837848813001,29.10495639243331
288,-52.18659869955028,8.10217033858219,23.99938103353354
289,9.687848711775835,0.5997804947387309,32.75628270740975
290,9.489347011381959,-12.563846162360612,1.7760431142097275
291,-11.075463618751975,-70.93834145277029,21.551371939221866
292,9.10835897538825,8.61605588305585,19.747884132641502
293,-70.62465142885108,-1.3784442204576948,29.573527107493092
294,8.463354059897618,-49.772868359426404,15.062372751411004
295,9.09249321433932,9.029848353863379,13.291703880733735
296,4.842312505165772,9.4000496021199,19.17888240022846
297,9.400050737796526,-22.212919250981166,20.993132341343
298,-64.44431056822768,-10.451770645649326,29.570968503711626
299,9.506068467974636,-25.761731690027595,33.013632211392064
300,7.4145501428193015,9.693381915090825,31.921689820987197
301,6.317216158686755,9.405179436721603,25.453774475063028
302,7.411739108710115,-57.74465870953229,2.68984732553983
303,9.306748939168322,7.841758044767275,32.31057825123213
304,-1.7988560397924758,9.091557925299423,6.334202967982151
305,-20.736039623308308,-54.7474465700554,9.558751072088143
306,-11.983560151348492,9.462429904597183,12.335292084578882
307,9.299792175037645,-29.58888502342179,14.765799083692485
308,9.672192118293331,-5.829918917017686,27.049309070295834
309,-70.49081945933278,-2.5501806945843555,10.963068905829289
310,-25.91233723449981,-49.14871164881548,22.55954507463261
311,-25.758202498530046,-49.78231318083738,16.230003947568974
312,4.417472623043658,9.331547311700831,25.325097790145236
313,9.12734179191559,8.464060775850001,25.95223474996665
314,9.450848240046433,-32.60255633126733,21.28921111224892
315,3.334555346309479,-68.82385535221539,15.68889204536569
316,8.420185270737726,9.435086184636415,0.6330462565872494
317,6.193427080309583,-63.01083863683899,15.431589664897245
318,-15.444211554490131,-59.38566495351227,16.072537682064393
319,9.663762789416431,-0.8147776849747288,20.1738324392459
320,-63.089611336698916,-11.850224411120886,10.666495190344875
321,8.706753068876331,9.042480000818642,25.812681661701376
322,9.609432756993463,4.302300568083105,32.844185875158516
323,1.0450327904037735,-71.81572368295141,28.3231862703025
324,-70.89517452619347,0.30795428104864797,30.015928587390476
325,-10.870972718627492,9.678466431130119,24.820569665788284
326,9.12044897037,8.919837394785613,0.9336026917646052
327,9.48989114512792,5.563449431020512,1.3136007966928673
328,-11.955795522007044,-62.664039976997906,16.038775092084478
329,-44.592926288954125,-30.109825613984444,16.294687911126374
330,-9.520754356829322,-71.85179135489159,12.789209572352291
331,-55.70723541960562,7.66858594557193,17.726409879578156
332,9.522369089975108,-12.054003704046636,1.7641493271594584
333,-28.109813369522932,9.664661777590034,30.82264282836593
334,8.01923630938628,-54.39373496270504,2.6698951676659988
335,9.53867245733695,-25.1968876333166,21.078638651404276
336,9.449737385935258,-21.37932848321342,33.430558168431304
337,0.8953784385722869,-70.59185153271363,34.676997868147254
338,8.851405570318569,9.2556105777734,6.967051283237652
339,-3.920203007232068,9.544825996207017,24.983092412175736
340,-15.062968899687611,9.46633297055103,24.62025681419196
341,9.376495491759123,6.418482258273379,26.179563343801263
342,-37.904828129234694,-36.44184938439967,29.15828941627936
343,-50.29171229739537,8.277557815884684,5.0796048901087545
344,-55.77122569206305,-19.310896180248285,4.227690080852
345,9.448659789371185,6.8501560277942275,19.999158385282385
346,9.128922160277078,-10.74280098709513,27.233170090413267
347,2.806513385018228,9.524218803479162,6.438094851989703
348,1.5810288871765792,9.566678343339895,25.284065491848054
349,9.682348618256263,-14.616232177016222,8.120733238607016
350,8.729151649680851,-50.172482166165274,34.11366087549942
351,-69.71453782479114,2.3720140962252714,10.99467161565677
352,10.219166340331888,-35.088045594891575,1.9741247708730896
353,-66.29508943084122,-8.303418781229325,29.644112348044317
354,-55.948360300277535,8.427015833095087,11.142379992047012
355,-70.53108322450049,0.9914219170169289,10.990960409384144
356,-43.512024212627104,-31.155722633724316,28.941415270164242
357,-20.98659947866495,9.393340044686518,12.038475726750704
358,9.42183932473133,0.04288810342900007,1.5491981771540395
359,-28.39095039634018,9.445928935267702,5.477516784174682
360,9.312460191794479,7.592069749436696,26.09722919749511
361,-32.96421042266869,-41.38386435106817,10.36407122333705
362,-15.174483446893113,9.50560789075023,12.236211644467744
363,-30.147978757713737,-44.17889611689949,28.96354357355139
364,-38.95503374523319,8.984077299223848,30.296016170444055
365,-53.90283406482204,-21.691382405996947,29.299438839360562
366,-45.37001773736305,-29.38059560655425,10.55239240408386
367,9.59352301267645,-30.63995141084812,33.50227191829114
368,7.4854616784474715,-56.60145322672644,21.7089773469298
369,9.362901712044412,8.017973123320871,7.19019355627276
370,8.508710908471492,9.43648647182782,32.026241855225265
371,-58.83487502176329,5.97577036841966,29.686232283879832
372,-6.4600783795598105,-68.48961871488908,14.532405962425372
373,6.943480627159964,9.513399612897892,19.348449945775627
374,5.825117594564425,9.737550763877255,6.662663840889422
375,9.683574009010066,-0.15616440244556173,20.1453317240275
376,-37.764759617239726,-36.613785552028126,29.149500172939184
377,-29.261248512870544,-45.07159831563285,29.12868199309733
378,9.565540172390818,-4.020127823408934,20.535309149011113
379,-56.58080199683375,-18.667876451206684,16.68872025668
380,-11.357449076563093,9.474645328052336,12.341036335872388
381,-6.273644165727866,-70.01519822128114,9.042544031170763
382,-14.42347424891782,9.609498037194108,31.024896232846828
383,9.15926563174255,8.858691261077862,0.9560953800943253
384,9.123217944397673,8.565870233965455,19.753718802551944
385,9.176453724567999,-15.930126451047563,1.8497175020364978
386,-54.16753594721437,-20.85121890443913,4.303026434607176
387,9.761407109249397,-13.168160040594934,20.510481245642552
388,9.517119855390455,-32.16711994901342,33.715826094341054
389,6.8261569640566435,9.500723612448333,19.337365691731378
390,9.061174002472988,-36.70669651301679,27.527507697412545
391,8.144483313349632,9.525946284138755,6.856413525320107
392,8.939636394053899,9.159490166555337,32.11171117047047
393,-11.70336272890436,-63.776621799995546,28.577099884905095
394,7.825241924328246,-51.61891315332837,8.975896096331752
395,8.674138182989985,9.060740199274036,25.8016036874413
396,7.629843583697287,9.383867023967916,25.63272965713908
397,-7.333327759570842,9.741023580294087,18.79989791225458
398,-51.460114296937014,8.224664210340109,17.897530794559742
399,8.253079067151496,-51.99165478718279,2.6653175342091515
400,-29.743859415118358,8.965442102172702,24.417261796367903
401,4.02953798762487,9.458489095368385,31.751069966545515
402,5.204486652289823,-66.15357281714535,21.712617257406777
403,9.287311750093998,-6.591467198712159,20.709712944406135
404,8.877738067016843,-40.7712075270372,8.632943792123427
405,9.405936060002851,8.073726259213455,1.1458917746980148
406,-48.78304755729025,8.497090913053896,24.234662141357582
407,-7.227299254403853,-67.65030897612402,34.74362227882531
408,9.608819096813498,4.240656561454614,32.84680132697278
409,9.500111890617426,-10.273503121584561,33.366802445538
410,9.503206539823758,4.1580533464243175,26.389717233214284
411,6.828821234047801,9.683211857936538,6.764397061048754
412,-44.030031567871085,-34.80942194752398,23.46524015586823
413,7.545372909714295,9.39740950519564,25.6206890201167
414,7.477325977779991,-56.48915833347595,28.008715305869913
415,9.58275762770213,5.761056749040357,7.51992603381521
416,1.176509766202706,-70.64091848345441,9.194744105811168
417,-10.38178338975704,-69.34456251702218,13.967164333753288
418,9.327484403889933,-14.39929819833737,1.807578360596807
419,9.39839030744573,-0.11502758395644008,1.545901232103006
420,-68.98341642446968,3.4845962884237167,11.094302148097029
421,-69.7630814599544,-3.3727963357659405,29.601114312603173
422,-27.98760049695793,-46.64190649128253,9.929928794714641
423,-6.076037174327304,9.418202204289614,30.810190713116313
424,9.503119039990473,6.778311640658217,7.35891415904436
425,9.169096862330797,-15.966442391662014,1.8511800782047487
426,-70.55502639467463,-1.6943184288078434,23.244492484437785
427,6.540012665807602,9.488398411990865,19.30838414671716
428,7.9624542313059905,-49.71868997640575,8.99146015284461
429,4.9673945213081865,-66.08094064345329,2.964916313586599
430,8.655622169508227,9.36979023072886,13.148386108492986
431,-63.637567622080134,-11.561110250114268,29.61087667952313
432,-70.07854255702927,-3.7980999031233154,10.740975524530768
433,-60.492983285924915,-14.659947392867048,10.586088059582636
434,-25.16645533580229,-48.50929743067292,4.056101230144776
435,-11.32760366988962,-63.533224832386885,15.892934047614716
436,-4.976555483925644,9.184136503672406,12.138404924043243
437,5.259273218243514,9.715062382048522,6.589315657447727
438,5.1202227693948075,9.41575821672474,0.3119570588038414
439,9.483307441686371,7.074379009766098,1.2399311111628606
440,-29.373026437783075,9.326309214338146,18.141755887769108
441,9.586425072678729,-23.700626207917573,14.975885447512468
442,-55.73168730818683,6.576306688087051,29.774327047853916
443,8.628575923081279,-43.6198222161108,21.359570485159082
444,9.143487548945494,-32.91333830924621,14.644186972536403
445,4.063063819439684,9.463231612258141,31.7535958152055
446,8.219863692651607,-52.37556686828949,2.6675431913601813
447,1.8569423380646626,-71.45705885034613,28.30417315304672
448,-51.43067003595943,-22.92863268763184,23.043859711306993
449,9.556358652568768,2.6003509575615738,26.59421216748956
450,9.301690425476544,-12.757106624086852,33.247921479333044
451,9.854249673589742,-6.050102690303113,8.193132588214752
452,-10.186238764386964,-65.08995764832318,28.68549325280142
453,-56.71558993135236,-19.433575532145028,22.967798140892654
454,-60.203564778774485,-14.702395678102876,4.339817723814264
455,-45.025310195917235,8.454304363228026,11.737871310041143
456,8.989269902900695,8.8838333105952,19.704855842146912
457,-50.10342700811456,7.889979647577988,11.49259249988944
458,0.4239261317481109,9.627839770022248,25.25242181386305
459,-17.976807338297114,-56.13016351910885,22.67862948258127
460,-23.843999260925422,9.344963404507581,18.4508596174404
461,-36.8591901629753,8.900874905503791,24.61962846106487
462,-53.50911275313951,-21.30685916140895,10.663206368509833
463,-40.97560398577364,-39.6747119900455,23.651642732239992
464,-6.36015721926433,9.313050052518967,12.213214540891144
465,9.324909279865913,-12.50690995438675,27.224602413344286
466,-69.31303026556375,-4.436565670834412,23.436401759293744
467,1.520566275636746,-70.54948657946554,9.21161062225039
468,-35.64592365977911,9.590024141192572,4.365887542608284
469,9.539744657516643,2.8977521400992643,26.571081114084052
470,9.116960148792167,8.574043903409219,19.752275978841453
471,-43.06226559649358,-31.80611652404199,28.93726626618971
472,-15.041481025959321,-59.956659580852595,34.997995774035445
473,8.551591084311575,9.399667843788531,6.909721806499903
474,-58.65740988865634,7.844369471604921,11.305498932258246
475,-11.91719022668267,-63.58699005146578,28.566255905551287
476,9.438410170411906,7.390912300545686,7.271120442518196
477,9.5524076911179,-17.88973310067201,14.526483924319251
478,9.337928337622905,-3.026450241905728,1.6611236518636758
479,2.458221332656784,-69.84151603332,15.722562172528427
480,-66.28116206866272,5.7950520477689125,23.905424884656682
481,-70.48200772532556,-2.5393398444057063,10.964018821516873
482,9.523366852174966,6.939698614504287,13.65898430235751
483,2.105526315691911,9.2716640168588,0.25327690291348404
484,-69.80281002655576,-3.285009132762056,29.591308412049116
485,9.223564665176944,-30.30768937934534,27.243337328088415
486,-15.452895800084526,9.503867819104212,12.24213313767801
487,-9.376575301923346,9.453490457615317,30.896545204528152
488,9.658785004049513,-1.9813423472858034,20.296167393364698
489,-66.82150030399418,-8.141048769368986,10.786099561354632
490,-69.9267432555927,2.0456133831130074,10.979010819379326
491,7.835163059576608,-55.58703361812774,2.671298357402719
492,-69.88622434608149,-3.3098578024997884,17.267984938984
493,-24.270108963062377,-49.80401112217657,29.057522425893126
494,0.9331082658591967,9.277037376582733,6.384084113239723
495,7.251467417322907,9.479003653812427,12.910537139435093
496,3.9496185529169665,9.457437615805745,31.745151891580207
497,6.725223753014426,9.55432001238541,0.33823016321079535
498,5.614456388655547,-64.31985931326332,2.907473233550462
499,8.962740715409744,-39.03649936441452,8.448665119077845
500,1.2162470102613483,9.591401248861878,25.27134491234419
501,9.245694513687475,8.603804041582471,7.111028211025598
502,7.481046701999411,9.697546061833272,31.92645459742147
503,-57.95172894932873,7.370179551682696,23.92562780363609
504,5.3605489856497215,9.44070136374669,0.31039481283767145
505,8.954089669038261,-19.518749543959665,2.0149439847184283
506,9.738243127494705,-1.3125420419175384,8.046937330678873
507,9.68774325403458,1.7000084776675095,20.211029550958685
508,1.6914319234243962,-70.34002536833924,34.61887848379129
509,-0.0660947160210199,9.752600004729839,0.2815820473020665
510,-67.17794833576173,-7.8758315362818845,10.7484025911468
511,0.8450754702650087,-70.84567985610104,15.625023276732435
512,9.309001038705127,8.004909248585179,32.29274666642631
513,9.197440946421942,8.26523951587172,19.795444360366986
514,9.124558930887382,-10.494688253348478,27.238470627121984
515,-1.4434824118501197,-71.19996865690564,28.587035457734004
516,-40.41680122449706,-34.26640738158497,16.178453611949834
517,9.558477728326714,6.1905617842671745,13.744173494732905
518,3.3919975094784363,9.397141016285545,31.696355051310547
519,7.304461516983189,9.590119831133308,0.3948479086747625
520,-65.1292242878819,-9.628382167697218,29.561748087331296
521,8.95125385222294,-43.485877950809055,2.3703379963764917
522,8.850840689431742,-48.931130273159106,34.243440933359295
523,9.61133856485187,0.5753609321380608,14.095859813289394
524,-0.6105238598682732,-71.01615246615202,3.169617149450886
525,-11.103261444088595,-64.77510304476763,22.197995052224172
526,8.722932215502134,-45.51038988554412,2.5199740399409336
527,5.615031466779918,-62.75993653762074,34.53110259678559
528,-27.62477313919735,-46.60489103139553,29.240240499413886
529,-3.007951749979931,-69.94227815955037,15.70588587164545
530,-68.77915711534084,-5.4160706906330205,23.469108887925216
531,9.481260481115577,7.519718088274473,13.572345070450169
532,-9.050592200254279,-64.92600494854125,3.498773528173132
533,-9.285452578791514,9.430118302157638,6.180373037367303
534,6.23615467690265,-62.91483205778078,15.428988455380903
535,8.960302562387163,9.18255074970832,13.24341181147416
536,-31.654944612307908,-42.75974613950638,10.41758605431184
537,9.505753091687573,5.278735185400887,1.327729293006911
538,0.3553969706781217,9.166844442962383,6.3739147398542
539,9.586719867004511,-14.001582651073981,27.229322246710268
540,-21.320424530201286,9.358095199149517,12.003276828070383
541,7.032973342823674,-59.35018742210924,2.724808163961569
542,9.584812624177424,5.423663845955318,20.137309715725465
543,9.474660128699405,-26.497356458600088,14.92716602323165
544,-11.086178198727204,-63.68524255233245,34.947202907795514
545,9.411876343883499,7.0752999733817035,19.966463696424086
546,-9.38256778632465,9.513182527013207,12.351655877353465
547,5.238647652081589,-65.48777174975694,15.468060799119115
548,8.59478026241728,9.371860299227688,0.69021386885791
549,-70.41990627645146,-2.7896554180860917,10.92514199270488
550,-33.09062167267454,8.932064508761684,24.56426114700242
551,8.862868428648333,-44.304685475278625,2.4799655649587464
552,-2.592731329230709,9.65664180435914,25.15389526949876
553,6.053971487466718,-62.89459191776578,2.8532874743334276
554,-19.69817959005676,9.596466017193077,18.372321770224872
555,-70.20384130285737,-3.4610968830563493,10.803626954925477
556,-70.50539969764091,-1.7607994927199897,29.531024795388518
557,-70.6235519144079,2.1634476233132567,30.50170742680737
558,9.588003432661388,-23.570877851965015,14.967847562200944
559,-53.58144162891963,7.929245405491564,5.15594283933342
560,7.739082353796128,9.664187832581483,31.94392924473219
561,-10.63208416988298,-64.43019282755698,9.734018684536721
562,6.714969290678333,9.494777430292942,12.882701223380138
563,9.40306413202952,-18.696572558757687,20.73315320119545
564,9.733178758505595,-2.2397070426168213,26.85174950068837
565,-11.184949968544153,-65.57909001588772,22.13119345589766
566,-0.05885787622842287,-71.01409010721554,3.1627037945117706
567,-52.070240486210345,7.496263920175899,30.27482676204356
568,-59.609918970441164,6.9600497467358196,5.084410680106288
569,8.637185807955255,-43.72043182180655,21.355546490518037
570,-24.454148837726713,9.355860181602935,18.459043184429262
571,3.6523391213275076,9.373420714949134,25.326238899634063
572,-34.23999527753413,9.440482173102964,4.637097462004888
573,-33.7529998673131,-40.826789950905436,3.624353691573077
574,9.32896632864449,-34.11993943744968,33.67986715224524
575,8.673138562748498,9.359895273609403,6.930334394033309
576,9.654474634981419,-4.742014937976684,33.22604614459571
577,9.832660743799828,-7.013114582250516,1.5667607167827384
578,-4.841094775718922,-69.33657176197676,3.262304122819131
579,-25.33109698347537,10.164117862770404,31.028637526260972
580,9.581261302544497,4.930956082301243,32.781067925046244
581,2.464711280728487,-69.83350378942671,15.722348653911666
582,-35.47747473272609,9.558007735483791,4.389921540436525
583,-62.11850537233051,-12.91924239716662,16.847251745746718
584,-66.42334673878597,5.741650225384618,23.904229000689526
585,-59.62241126870217,-16.53393179303027,29.475008589593372
586,9.512138886845968,-4.449022836570954,20.589236567388838
587,-15.46716740758027,-59.71750917417021,22.431467417013636
588,9.274747727043085,8.64190091460398,13.379833835997943
589,2.5011755113647425,9.259651577538648,0.2716313065364204
590,8.029153312025151,-54.28274378414636,2.669959580944777
591,7.364201896783378,9.406625760546504,25.596164928499476
592,0.8748510323676086,9.457840002144021,0.23385547818494956
593,-66.75307321986816,-7.928215935470805,4.38098685116347
594,-43.31175270324011,-31.48994493554273,28.938066130726156
595,-31.50971650500842,9.391575889127356,5.113130402995139
596,-41.672992261804815,8.681920414386617,24.309937004490422
597,-37.06588243521802,9.191169081729882,17.66437811652318
598,9.310880905855718,-2.792975035813498,1.636864382243516
599,-5.0542510010750235,9.394091072541954,30.811509593066006
600,9.743833675974564,-12.308401389105988,8.201764536664967
601,9.644257013768446,-5.096260415372164,33.27429435053436
602,8.800853407468388,8.96506449170736,25.836088562150962
603,-0.5536532338959788,9.614036827092225,12.525444258932112
604,-67.83050137698316,4.594176510543118,30.16307065149607
605,6.878696477307152,9.419964360668551,25.52989009346524
606,-18.093726604214204,-55.98528946808175,22.700587742152464
607,9.054956726767522,-36.061185013972185,27.52616081166414
608,-61.46558686063825,-14.550677345132847,29.366775838901845
609,-5.007280287691636,9.059813407823725,6.020897869127637
610,-57.687465257221255,-17.231103832897432,4.252793310531928
611,2.58749873253182,9.502946638662191,6.435734161130412
612,6.374667798246854,-62.758773473198765,8.946457967537043
613,5.745887383036141,-64.25129740636876,15.453018898809404
614,-29.10999289160052,-46.28149576745263,22.684232498872774
615,-0.2501497739129732,-70.88151922993683,21.748061090525113
616,-60.42934984835663,-14.506550408909193,4.341169226923199
617,-70.57785747890327,-1.6054260018870927,23.242310797268132
618,9.222498778858515,-13.872072253807467,33.244694093811006
619,-10.667206896888366,-63.34632040554893,3.6094039995038827
620,-43.59707350845449,-30.995721387111438,28.94139222334519
621,-52.52206304185027,-23.17088117936195,29.21728760244872
622,-22.560068951015957,-51.34203829624745,3.7959343712322777
623,-26.358073729060585,9.347102959974723,11.831542623617693
624,-30.11744700753392,-43.896044271268934,16.496491498842005
625,9.426258829486663,-7.336009294150983,14.57212596462665
626,8.836748959092994,9.271984814373255,6.963546978112049
627,9.697197836434064,-14.26250518766377,20.459798848595312
628,-43.877473345571794,8.899025683117891,5.035049214188064
629,8.695472090561417,9.31232116621878,0.7302717011297091
630,5.737077701344468,-62.14590470760199,34.43245666396655
631,-59.1241184203785,-16.313424813735843,23.81135728516486
632,1.2282197225848321,9.37266542016334,0.23020326421718096
633,-34.168151780913014,8.967714155600667,24.64701831116475
634,-6.121231994337315,9.421489943101484,30.810570155638615
635,-55.52888086508799,-19.566956817190373,4.231753465654407
636,9.429450326598747,-7.25341426624783,14.572015573872534
637,9.38799671031179,8.220711561347429,13.456693532761406
638,-51.88897951484589,-22.596433179254056,23.063191074758294
639,2.162734867982884,9.52846589657561,25.304606588988747
640,-34.182628123174744,9.209864931783258,17.816576166635137
641,-1.7868868427219482,9.452530388347732,12.39968574213546
642,9.424700555955745,7.033367851038626,19.97156829204208
643,-16.31195659370801,-59.33037464278643,3.6801516713996705
644,5.546126231430343,-64.71662336347839,28.044800051316457
645,-60.80425877795464,6.955987663049655,23.836138972959773
646,9.232380917770477,-33.0273040736701,27.556546310193454
647,9.54945654894609,5.9690230771312045,13.764354748161281
648,3.3981367126717927,-68.87240925269404,34.60340184515914
649,7.626128395457407,9.545493478498742,19.4289245879408
650,-69.56169261393737,-5.1903357363638065,17.277126625032196
651,-1.7929878124684038,9.690755155954449,25.2190866741401
652,-37.119691953455636,10.41075286863509,4.665682540150648
653,-63.38374281005776,-11.558905919922179,17.025353764849655
654,6.990081095013146,-60.1265271488489,9.001264054020197
655,-31.14240581777708,-43.2464935616188,28.73374331231892
656,-19.271819991209647,9.563102619257684,12.218804659737671
657,8.986515491392446,8.890587871847146,19.707046227743774
658,10.453467603021544,-48.89799822366417,-0.7028611162836853
659,7.172001621791047,9.665547011131647,6.789762853940346
660,4.077782859564785,-68.19117438691853,21.761380005988457
661,9.341675836049284,-3.0238947842765,1.660816636566409
662,7.82493894648487,-51.61789805918411,8.975829851017096
663,9.668514108833527,-19.23619642843206,8.09943715806915
664,7.566863591713421,9.399441085876589,25.62460244049234
665,9.443224223662718,7.3165205559424535,7.280392627390114
666,1.6864615872218778,-70.463888884748,3.1216321640560807
667,9.281304859659734,-6.372076342028855,20.704268353526288
668,-16.36383928290727,9.752419154957316,30.961020069405635
669,0.23612563367500883,-70.98389641891305,3.158090255403266
670,-70.99460371266198,2.357823630408131,23.65982502697298
671,-70.89667253656202,0.3917875964334634,30.04234760589273
672,-28.763599594031724,9.380707482544516,18.211013660846646
673,-49.524147875612165,8.352589311487897,17.865162643109663
674,9.55749636517887,5.150848437516331,32.749456678554736
675,9.707066697565459,-15.767800030446317,27.165954824970044
676,-70.70761162610867,-1.317942837792124,11.069452689050252
677,9.531228753181857,-18.275339284900234,33.59097687909113
678,9.3457775224771,-36.509245739302735,33.738526601435325
679,9.682176697229487,-20.25835128977719,8.172465427790513
680,7.3137021679673,9.650561268297203,6.798128215536849
681,9.44078143493359,7.276113569939149,7.2875285424143215
682,-5.978585594191635,9.27719649893772,12.178841932298624
683,-60.24673360790326,6.853920371707645,5.066569394517785
684,4.461526965441088,-66.88266217357199,34.628589347920155
685,8.22913930381187,-52.711395579151024,15.149569755920282
686,9.729439732147306,-0.8764678989901213,26.689074432678453
687,9.237477141065675,8.653904902352721,7.104072221157736
688,-0.6176402532436001,-70.67157418809478,34.7273887774891
689,-52.15457418884288,7.886184444423492,11.4925930525324
690,-61.76143485626074,-13.49916942011384,10.462499070046618
691,9.067121691757983,-37.062886456044986,21.32058564302386
692,9.373045829844749,7.956673790144471,7.1977038826660475
693,9.621778251398744,-3.334118532617829,8.012537749886661
694,9.72378225528248,-0.49566164656278033,8.017333194682692
695,-14.861725282732301,-60.63538791399852,3.6718991762663507
696,-4.384412699144015,9.627509073510634,18.91152940464498
697,-63.89926595957963,-11.191089018965052,4.364074932087107
698,-22.409818104826805,9.603124490207549,5.795613979829355
699,-58.813489266173356,-16.221891286482947,10.774280366656598
700,-4.220558164482647,-69.18145737267281,15.465495123484828
701,-26.199663719746617,9.339412187386227,11.837915868707071
702,9.221652234553538,-9.109748816446945,27.239644335212944
703,9.315183127231897,7.163058146183509,32.40008377630568
704,8.03574067291597,9.541357906145699,0.5257544993721126
705,8.96490796246885,9.15479788157515,6.998295771544974
706,-36.188307284846,9.261385817905477,30.411648961523525
707,8.051131006165313,-48.79886459654846,8.975848806910875
708,7.967280282999489,-49.593668278434954,8.992078302053955
709,8.749207345861826,9.30270512193578,32.070284871967544
710,8.291438039772935,-51.14529716407194,2.6573742168741035
711,5.502121262816239,9.637425263094634,31.838470365666367
712,7.153686681901625,-56.26822897783773,33.807882844667034
713,9.251420364472686,-24.093572312365204,27.05640276495336
714,-14.167559794269643,9.58558059805867,31.038721649220662
715,5.850712531462385,-63.84817033211163,27.983461108611408
716,9.270912635355351,-30.566419857146066,14.7635359308766
717,9.200869700118254,-11.809188094995143,27.222563658503958
718,0.2101642312905696,9.132336124360297,6.374055312248657
719,-0.00017171345471211907,9.668242253982353,12.575952277773439
720,-24.003622761858743,-50.128841922863096,29.04152906329756
721,9.649735868685546,-1.8698914513363718,20.283608235010774
722,9.454582902296487,-32.68642313235065,21.29202402850902
723,-38.33961283905885,-36.29229659575823,10.20442955049677
724,7.5334100490009845,-56.02504298843214,28.0281108867824
725,3.8118283102176846,9.403795281776254,19.11259284078855
726,9.601947397675893,4.606576809462766,32.819079317362764
727,-43.8021619554107,-35.35780284656851,23.57473973545487
728,-10.426603721819994,-65.69011767187277,15.303229546377423
729,0.022409890193578974,9.454737364365194,31.40392463359241
730,-70.66430913730119,-0.9651860899291975,4.546977362405983
731,-67.6349585199512,-7.9290115894322035,16.736651066702564
732,2.82013630882161,-69.54206387250883,34.5856001056209
733,9.57788701687118,3.9230417392620893,7.696361116622285
734,9.303837562229909,8.41459728381416,7.137133135917907
735,8.255096871997146,-52.3758447507549,15.138250880994264
736,-70.32196618725132,3.3241626755037395,23.649901080994255
737,9.654331165507209,-1.2943929001837091,20.217935403121544
738,-15.549083820150692,-59.36770729236965,34.95427656232522
739,1.0381304044041357,-70.17579958546301,21.901008795825163
740,9.307364932714243,7.543071653339915,26.100909214887054
741,-49.041329398020856,8.378674538189337,17.84407297236809
742,9.466687508443009,-24.38943313548807,33.15666147189691
743,8.631686897766848,-43.88156164318797,21.34686294032096
744,8.847013081846988,-46.40274697663522,34.4028811842301
745,2.0420844097608537,-69.6276709142652,21.951348643907266
746,6.393931481959633,-62.41131894272325,15.415979243539454
747,-36.863829452851725,9.191550676918567,30.335823958282127
748,9.101885748393464,8.955132553462114,0.9182679638874731
749,6.4220196921894726,9.505910598797414,12.881105399763442
750,9.669935954876927,-3.3875299137443804,26.939077113392642
751,9.61543762597514,-6.618785892933651,27.002942348725995
752,9.24719981909319,8.603828822078704,7.107661481975981
753,-31.411830098210807,9.22071169198373,17.975220894184183
754,-10.7774727004522,-64.576311965479,28.635641035114958
755,8.954999069626204,9.158761190643034,6.994351396058022
756,5.571776113338409,-62.966365048250644,34.56110369490639
757,-21.606132847573384,9.53036027429517,24.711741499554677
758,9.739103756969165,-0.8051376355143631,8.036459978008708
759,-31.97577699234919,-42.400888053727314,16.36347928346217
760,9.393060655527869,-7.698105658362728,20.700234279826333
761,-44.463809578117186,-30.356601021751185,10.51092342727074
762,-70.70702535534389,0.7880042671295548,17.35318475709201
763,11.182142281701452,-45.28159718155842,-0.04433539279673937
764,-38.756099288462885,9.00891826963155,30.28958698343247
765,9.629687175692219,-2.6030152424746476,20.366254779379034
766,9.68820589065583,1.5851185652725945,20.20641225381428
767,-69.33810425906208,2.9652303732177323,11.04128695484637
768,1.798723062717123,9.72122659517127,12.675013032368966
769,-5.726022240400518,-67.91969846178162,28.501663348770393
770,-56.26520258101355,-19.896824670219367,22.78758698890931
771,-48.968011687755144,-25.07288084985783,22.79693215269313
772,-1.5961685975092692,-71.07331687773862,21.66334190668195
773,-70.63666052088448,-1.44404754776971,23.238799504110375
774,9.666829996110685,-3.3871948654028685,26.93890535207781
775,-28.963755297180377,9.357488357369036,18.188784994272638
776,9.45653587218876,5.788570991943381,32.64385784706303
777,-6.451767110014693,9.329738355069129,12.221641828914699
778,5.723682488204666,-64.00507225435248,2.8962342384904503
779,6.040923924782099,-63.439394565349566,15.440641178721506
780,9.334566097229775,6.753265760857353,32.46667692790503
781,-67.85800727022408,-7.165702306796312,23.611220332867646
782,-10.320895628001416,9.508741359407082,12.34287322120025
783,-20.140733063425934,10.111939979987156,31.18417215711824
784,-60.83812858642799,7.631515278974959,11.208632635770684
785,-24.165936260148534,10.338783610245201,31.13330934761013
786,-51.533487878759,-23.15422661520176,10.580426079035846
787,-50.67520452591291,-23.539035786662474,22.995401529443797
788,9.330358666437313,-28.792067852424474,14.777617910531063
789,-29.595069581404893,9.410892511679698,5.3503349906182365
790,7.188382600010208,9.718926007574211,31.908846380118604
791,6.920183308717775,9.493510199529837,12.8896033977216
792,-20.895530552427182,-53.35113825355273,23.002748989998594
793,-15.663291657778565,-59.036657422398996,9.914663172863783
794,-30.264707082121028,-44.76416540301864,3.821752025792847
795,-63.80547766447112,-11.32384073398952,29.604717792683786
796,7.216411428669424,-58.54936960038196,21.815182542983365
797,-4.527500353269296,9.169529112752457,12.148268106815522
798,9.390873399342034,6.040732239612176,26.195870254772046
799,9.889973675301938,-10.00966610534973,8.255021482114529
800,1.907762533853166,9.436568088975196,6.416689536680977
801,8.350647858866715,-49.80816192891344,2.633753009247556
802,-11.328015942776894,-62.845385188154765,3.6446578114543797
803,-70.10021288820965,-2.461572917021847,4.57120669773613
804,4.186117315203681,-67.96829699532711,9.218510196398682
805,9.488144358147473,-25.29421530580158,33.06289169155346
806,9.439554681851995,-17.770856889940468,20.62328236320704
807,-39.39203305747973,-35.30575903011635,16.253956842144675
808,9.538260910800794,2.6784174233760183,32.77880033572441
809,9.244978418419713,-29.725126129485098,27.23135548389348
810,9.510310966793575,3.983343464291906,26.41890786831044
811,-5.646570143935527,9.686053506991733,18.846790366734396
812,9.542166005611442,-18.398635993411624,33.588239346625386
813,-22.162368060821883,9.40003193386623,18.38542129218095
814,-66.66935320225218,5.365461465188524,4.918276780281502
815,-70.94656833822907,2.496932953418849,23.668922265560667
816,-54.05251802476128,-21.536417010215935,29.315248642389378
817,9.580387863547706,4.129039881638128,7.692267537799722
818,-45.921445542917105,-29.545129318329707,23.079901728974136
819,9.49041212782739,5.618537604384983,1.3106100013017965
820,-13.693552252377238,9.443980661277966,5.962900688834452
821,-59.102071572041844,7.922658471966855,11.28503424592013
822,5.040496955463048,-66.08107374364863,28.169760511226656
823,-4.481440231762498,9.628994194625598,18.904191151518262
824,6.103436689025692,-62.75011003439034,2.847741592863457
825,9.578212933756298,1.5799939367923699,32.735075630561795
826,9.597281497713332,1.3540041663860407,32.73494042222596
827,8.862195147167789,9.255917467201286,13.208237895103295
828,9.70083211704948,-9.624015594127847,1.642227729773282
829,-69.05109659748894,3.8101270841050123,4.848863438352723
830,-63.97738084008197,5.4218973368923145,30.13742584919092
831,9.479168271371712,5.643982555410211,32.669030042726035
832,9.191492542728405,8.26299059433223,25.990889820434276
833,9.390115780598727,8.19000904433203,1.1274126820294157
834,-3.8400835037057064,-70.02592360817971,3.2280854682582856
835,-66.24465673311536,-8.5608851179167,10.83804515913576
836,-70.98593437275869,1.8278711561977303,4.781145342923736
837,-11.81931427010975,9.406068320802802,31.107896812956383
838,9.65699068364031,-1.9173890621439256,14.18242747109889
839,5.137477200125339,-65.65598270589759,2.9519827003120724
840,9.46387972235592,7.182516350889536,7.299327816373648
841,9.389746885597013,-33.34575079712632,33.70678312799285
842,9.187659323735168,-32.13467378261955,27.40024752625291
843,-21.686333815060983,9.424335922272519,18.364212517398954
844,-23.173664971136766,9.597627892661855,5.784318275629332
845,-22.0520633536348,10.299330109506627,31.237479719629285
846,1.7793593522307205,-70.40987038049852,15.670493468069338
847,-4.3931962006672975,9.18077044862817,12.153684088226441
848,-31.454774710860512,9.490687296727025,30.827792748167738
849,9.016937266929652,9.116974588103261,13.264794243572268
850,-22.609256590061854,-52.716658310864574,9.790236443809562
851,7.687789453655363,9.378651395289097,25.64134547822944
852,-19.900943706775116,-55.12485918856752,16.430068742468933
853,-14.657331249533009,9.461410578709483,5.937301215108761
854,-0.9715237040134994,-70.5705617831477,9.258503463109804
855,9.4269506841106,7.892735413454453,13.51097876745007
856,9.702554694387366,-4.61503625907114,8.082059692406403
857,9.282597319737555,7.854960415250382,26.06143060332684
858,-10.2205843914031,9.403653742415042,6.1657805859446455
859,9.369649521467771,6.324138013312755,32.545212057140574
860,-70.86540632126142,0.9900233859720267,30.22687229715457
861,-49.90588626463606,8.340993275276084,17.87783435608967
862,9.246302477636867,8.056685628141445,26.029878364441444
863,6.603965515001754,9.49229804600769,12.880675285144207
864,-26.486638208025035,9.170984941115144,24.41566807940825
865,-70.89663650294236,2.619628978556616,23.674854338120753
866,9.594561139286064,-3.73459032293605,20.498357703874376
867,9.314574137759017,7.620493438710298,26.092396313052404
868,-68.6772856787758,-5.293070513064293,29.78619090667246
869,2.335970891229543,-69.97601134478191,34.58655210682272
870,9.646608753518898,-0.2607305228394097,14.131888452745557
871,9.523229475588913,3.495566600255934,26.49818187272686
872,6.000149172268401,-63.107718015476514,2.861894739228518
873,-3.4320753437678846,-69.67161044119536,9.580188665099712
874,9.524109897449328,4.649121436729224,1.3534263378858498
875,-22.573950646766015,-52.77035134685888,9.783360683982636
876,0.7307822535606405,9.434618371319445,31.463535351264355
877,-19.427833964155504,-55.651921482827966,16.436752559958762
878,-2.5234514405503674,9.65010981541031,25.160616529894526
879,9.714752514661562,-10.668051702218811,20.53975083158636
880,-2.2579071415030185,9.559490208763727,19.004659811114863
881,-17.496451145203856,9.592995948132405,24.653866173332773
882,9.74640004988057,-1.0032131671264537,8.043345978910764
883,-30.052472609273515,9.493171477085674,30.8032819112577
884,9.091006503359402,-34.216532775733135,8.314409873506833
885,-69.62773097239975,-4.894718544721869,17.288976956660804
886,9.153029141338173,-34.71149130678938,27.595535100049716
887,9.620781837199978,-16.77306584751333,14.481582877693455
888,9.581598362795056,-21.88771044466295,14.888755251245612
889,-16.525246668114256,-58.38392978006468,22.419175371794466
890,3.18718209941229,9.662238429785774,12.721082861318166
891,-70.41398770621933,-1.2374340254288185,17.21601104003355
892,9.059289627685892,-35.27027138740633,8.268363524217506
893,3.130729447209113,9.431112379031156,25.32419982772376
894,-70.05250748493489,-3.8454031053836033,10.731864231953182
895,9.792522266188165,-11.868834922058504,14.601479370301718
896,-1.6020314204358002,9.696899308050263,25.228328555691718
897,-25.8006225786285,9.546093499376514,5.688519845084613
898,5.385665978611733,9.441313076238526,0.3096500171357661
899,3.909708761122282,-68.64908420465733,28.360440247251375
900,-68.13082045310162,4.547044209599424,11.201312008305905
