# Name1 Surname2, Name2 Surname2, Name3 Surname3 
# Team Name
# ML-CUP23
# Submission Date (e.g. 20/11/2022)
1,1.9159042777909319,0.2126675665149548,0.6842360413939876
2,1.1031251536126512,-1.2617257652010399,-0.9019103241194293
3,1.3409046022993631,0.4344052500551533,0.08951811052682161
4,-0.7497794535338766,-1.8014206723168817,-3.903211541551854
5,-0.7346813309763679,-0.6874982590759007,0.8917551503541298
6,0.7744926516595279,0.3876754802441715,-1.0437485815293737
7,-0.6526305769932346,-0.5421501500005729,-0.4424558433738121
8,-0.6986727158394458,-0.89151755820997,-0.06900077603957612
9,1.3719692236483338,0.29038431690972577,0.8174268586469293
10,-1.0650887867557488,-0.6698779506457967,0.4693280045238298
11,-0.7214182709090798,0.24809190202782572,-0.19266743930033853
12,-0.1942287302545889,-0.7333398404077529,-0.43078448690608573
13,-0.7478532015594935,-0.7319761675843173,0.28221055339550516
14,-1.1544197020949432,1.2213623049124886,-0.5833229836468079
15,0.5616049984199882,0.29358244808446876,0.5400911361316411
16,-0.45096092080486966,0.1487206054815604,0.28666171357257625
17,-1.0771644457856735,0.7708893092063037,1.3898397246849996
18,0.36888776912385013,-0.08690589364172735,1.12848247128887
19,-0.08485224648338621,0.26198078366939936,0.23727086800310504
20,2.026723639215106,-1.0126837382680178,-0.4929347890953896
21,0.3700092527611414,0.31646596507067476,-0.48429871200776087
22,-0.28982104999766645,-0.7291707043750816,-0.9011832417486875
23,0.11063205775768098,-1.9152594719127765,0.1124497531561825
24,-0.25918596415947825,-1.4225783467394117,0.129961425868224
25,-1.9361143403586438,-0.48696367095926746,-1.4415880491374018
26,1.830976303913664,-0.49911453769845743,1.4217211367290667
27,0.506158929742638,0.2867240877351321,-2.441952888807151
28,0.29143378089041483,-0.8666932382466372,-0.2582391858989774
29,0.366650413374941,-0.319987501591949,0.36891252591087115
30,0.7034317977874487,0.5877567026989481,1.0548770075670593
31,-0.22163768797517788,-0.8991753051546507,0.46376083864049156
32,0.46672556121117853,-0.30480252569605804,-2.5856553904289603
33,-0.44309680716487504,0.7380333118499192,0.01039580303891784
34,0.5271900691830359,-0.30797688496780795,0.5145223432843573
35,0.16572171742320202,1.5373309019551495,0.48052116860581096
36,-0.3412506813695056,0.9468209818762812,-0.44153623807228254
37,-0.222142301898737,-0.29406927344000894,0.2232076245980173
38,0.3588546971613255,-0.3339403610401394,0.9523516464892292
39,-0.35683589884240274,0.02905602741253483,0.048867612672937585
40,0.6213322478265817,0.14916457746777273,-2.57503742938307
41,0.8355311682924036,0.21063184806142043,0.3553823269249656
42,-0.33789007777293184,0.8131154654129323,-0.5923645635242314
43,-2.2150587884072412,-0.568657319814339,1.7847067632313693
44,-1.592908121950954,2.030302962584663,0.9688246682570529
45,1.2455474620744684,-0.4831124286620628,2.2668182539670374
46,-1.4133510914782628,-1.0506739838992811,0.1679821587151481
47,1.4081119908833166,0.4250301147939901,0.690611490749956
48,-0.6641096974129792,1.438504206288619,0.2255633206688695
49,0.8409423975923329,1.9207118301876598,0.309909455137746
50,-1.3541285374614342,-0.45013098952944636,2.024638903364666
51,-0.5284339566689501,-0.013657737903713411,-0.6676982385140823
52,-2.152043147911474,-0.25608288810151714,0.7043591770553058
53,-0.18532747417560733,2.141293647755562,-0.9504645721684148
54,0.9023271417342624,0.2157573303389903,-1.1940894514444103
55,-0.557918651910586,-0.35944856071483616,0.4411162373607679
56,1.0009951179594063,0.5850133180598373,0.35710843238817286
57,0.39946306236534235,1.7000656564612318,-0.9897974159749297
58,1.3231840525537948,-0.8430662855769363,-0.6582140747968048
59,1.2549795057727529,0.7145122233038801,-1.3871747496939164
60,0.3988584627677937,1.0294655402713908,-1.8616967202885841
61,0.3029927003908433,-0.15709039399321417,-0.6448225907089252
62,-0.13935761842688357,0.21746875664503773,0.09164483989124368
63,-0.20800773735879152,0.3158526183114395,1.3641796901184475
64,0.7300004279454144,0.673287117201981,0.256624869478524
65,0.625168749944352,-1.6110158433579367,-0.8071106419685986
66,0.9882656599715032,0.10933743336046531,-0.7342753682032854
67,1.4869979242775961,-0.884377217916344,-0.18457869018484344
68,-0.9797110703555106,-0.4785398144079589,0.2938418536851013
69,0.3919839038883749,-1.0179250986062378,0.3417774992886769
70,-0.891536893402852,-0.18531499852092473,-0.7772607448873484
71,1.9374649630529277,-1.1038739011740397,-0.02510604632847684
72,-1.5389348229446929,-0.6529880135797913,-0.05432014744816038
73,-0.5398861973591949,2.3100128902211248,-0.9605686741281598
74,1.3753209116941119,-0.5616696986228344,1.3217741758753463
75,-0.5088105680368178,-1.116758240685954,-1.1711835012008538
76,-1.1869007512926548,0.1462655420564646,-0.45209132538294855
77,0.5613551599120792,1.1228705901789922,1.2736492031146294
78,0.057823066364635925,-1.0848424577275653,-0.6749626393339421
79,-0.6863157580588714,-0.743058984792016,-0.20486213934697575
80,1.5240825158449829,0.8257761548281087,-1.320615600336669
81,0.6999049069194365,1.265161361346628,0.6734947534249927
82,0.3543212936916852,-1.3768339321254095,0.15422247334257103
83,-0.4789583080271765,-0.3310051337766406,-1.367082250720171
84,0.8351456845006134,0.8592863499373445,0.914989093647782
85,-0.4156235334253213,1.0666163614836295,0.15858130322405972
86,2.0267946475898957,-0.4709333646308859,0.282960445302064
87,-0.9072951268116729,0.4531947344046961,-0.18664114595730902
88,0.06907134700601789,-0.7132151163655762,0.5402535851174312
89,-2.490614282723208,-0.33997761186993775,1.5040410903439752
90,0.8523929668006741,-0.8089835477046426,0.32426772762997
91,-0.4571328933120278,0.9962476705124412,0.9500606623861337
92,0.13062141053529686,0.668531289061692,0.35298640907094225
93,-1.32609544113183,-0.0314101240112709,-0.3968936941544142
94,0.009871234054942996,-1.152324800237925,-1.4133719061896093
95,0.2824473584854477,1.3405000643580092,0.9219206302297854
96,-0.17832977116143944,-0.29399993980336436,0.3533097860987314
97,-0.4513238237751967,1.6188006133314743,0.6803331336322588
98,-1.3058505184961098,0.2403295453332325,0.5115238892379317
99,-0.18538563329908658,1.0834263426536077,1.005284388300065
100,-0.9866671510056637,1.041152774635596,0.053930346901082206
101,0.24355308193716846,0.7829129944809193,-0.12329289110267554
102,-0.9023075798673453,-1.0776436850962132,1.9619067358841058
103,-1.7384098766636435,-1.0735972417412014,-0.19219106816305462
104,-0.1042359676403058,-1.3128504338585196,-0.5755086017460146
105,-0.10274607829828018,-1.4264589712643494,0.4029994299565774
106,-1.9867403916049435,2.2145261916992793,-0.6124391544879868
107,-1.0209758352704457,0.5820444537447322,0.24114033933867654
108,-0.2688024186292094,0.8404586976684489,-0.8242573991446541
109,0.16161344883377574,-1.5239994335747653,0.4507584883517621
110,2.237735642582393,-0.9265525891292355,0.5105122186475252
111,-0.8113596375007877,-0.03822686376683531,-2.12497696797155
112,0.30125263730094476,0.8920994941354865,0.9342346382606657
113,-1.6562819372351567,1.4546070099730404,-0.7187081393991818
114,0.6772819661512375,-1.8305453836235939,-0.1975184586118844
115,-0.932985458254057,-0.19876607954379186,-0.11826928211981869
116,-0.010016014659656592,-1.0547163896345744,-2.4462717203762865
117,0.8483423105029207,0.23322603842233994,-0.19527580259451943
118,1.189050956981257,3.667422774798507,-0.6347568742396414
119,0.42324190393207445,-1.6368938015860288,-2.4484221572395812
120,-1.030243719835112,-0.035976858598353485,-0.852524763605803
121,1.797714837923564,0.6086371977900303,0.6590003341668441
122,-0.11837902498451891,0.7713235505328003,-0.5119774872164478
123,-0.3916309736272217,0.4896526652500997,-1.691784807759669
124,0.03880118478252696,-0.5770424970635749,0.31859701788365075
125,0.7643447825726628,0.8240632807794226,0.4852509765335962
126,1.4788302664988044,0.12827095317703624,-0.7946909766358374
127,-0.8055005675311339,0.803942697370197,3.6997754005555405
128,-0.01856836957955731,-0.4675386227826268,-0.9283941445888626
129,-0.21349365481115817,1.7744329382033097,-0.39381858946108894
130,-1.9561186867661373,1.3132438574799936,-1.7316893956197261
131,0.4667440389408985,-0.3076762649640612,-0.16991934789838462
132,-1.2644791079802986,-0.21565536931702792,-0.3558194460813363
133,0.7194072403346533,-1.0190735004437415,1.1451845051193341
134,0.3891701256067589,-2.0901693141518463,-0.43513417722779846
135,-2.2212822825582372,-0.9640846526450316,1.4752829454859087
136,-1.1997268437084654,0.7247896355865586,0.09143981738495548
137,0.17086650535811754,-1.7928616259147614,-0.2866694125685906
138,-0.3132433084024647,0.2906255554012687,-0.49074246092653323
139,-0.9010737450854418,-1.9572881991542288,-0.7015243505559852
140,1.1191774963936671,1.1349071279993534,0.20221241794563152
141,0.15767985291204845,0.5531314647460208,0.5166910327244443
142,0.6750351949162994,-0.8850006538326746,-1.1350712753401275
143,1.1515198366952875,0.5812662169360119,0.15146962342090928
144,-1.8292092701388563,1.3866706673096825,-0.553627234608548
145,-0.7023599173393906,-0.38676062113247517,0.05210727295449935
146,0.2692632070991285,-0.37656979826982506,0.025818217017937746
147,1.2443959396364,0.796688780523729,-1.1069997090279906
148,0.0667522076818976,-1.2328980899719637,-0.507147365327346
149,-0.299373171015393,0.6378525514560088,-0.3101097230953569
150,-0.12089987155860915,-0.9680580814787529,0.45729156654140585
151,0.6153291783629917,-0.2890450817647175,-0.7354549267945213
152,0.5765158299477171,-0.1003808755915946,0.11140529605191087
153,0.16098882389924193,-1.2891436157184981,0.8762383178041387
154,0.05109042903011799,0.6291234654347588,-0.2553945546056905
155,0.7676173791244829,-0.40770130230253665,0.7961732373905679
156,0.22908755451143795,-2.5507673083573987,-0.34425899079090416
157,1.3163507629985007,1.3113516643247665,-1.473888360311338
158,-0.5867742832546043,0.9133524761019615,1.9388523838471794
159,-0.7433025235897439,-1.3611547799466353,0.4637573142463751
160,1.09655786623175,-0.03407518609557367,0.32305610870442936
161,0.08708113976577248,0.36960418436601394,0.10765816457664369
162,-0.6228890308566074,-0.5576399157690616,-1.2747134470666315
163,-0.08739208589507513,-1.0477502778359349,0.5166077309532133
164,0.8537860780879295,0.28109392934736555,-1.196735681793328
165,0.4050068641640956,-0.6347332358023917,0.06992256528918721
166,-0.2991226837516993,-0.02459944858520853,-1.3257989254564984
167,1.6003725553913457,-0.2962944590669678,-0.18751228662733932
168,-0.06816121715659659,0.5779305648940068,-1.2427877493632749
169,-0.2197448352228419,0.06233927690743034,-0.30382246312007344
170,-1.115647329294514,1.1219487958999217,0.9943680631484274
171,-0.1653741857348686,1.3290316347373585,1.146466899458643
172,0.07986726012744086,1.6539377515300915,-0.22907521070807518
173,-1.1994133045763655,-2.1450354839951635,1.327880815607246
174,0.921091567651176,-0.16033911455615416,-0.6315148753188689
175,-0.70708715625765,1.649057815209575,0.2297750377429719
176,-0.6530717490852219,0.7826866726113549,-0.5943982623339962
177,-0.7746817301568507,-1.8849684637443187,0.7836465198574913
178,-0.6184727863272393,0.8363039842184596,0.08827086499905498
179,-0.23305024687726691,-0.9244548724478027,-1.1852199942649784
180,-1.8755184494611534,-0.05767886706248795,1.483645473470536
181,-0.26195830395865866,-0.6838982644866238,0.2417782426421528
182,1.0168257517608823,1.7481990705303447,-0.37965237586568157
183,-0.02527447194576727,-0.9295012685530899,0.48318957340138735
184,-0.4955100194871174,0.13493654977320862,-1.7029373793969764
185,0.30229932570274215,-0.07627804250379941,-0.9753993976471913
186,-0.3131487163356866,1.0918257482775735,-0.3269357567496422
187,-0.7653450940841271,0.11872238190397294,1.4192014617813213
188,0.13123697259852132,0.8851004749550098,0.8673627208034385
189,-0.20411078265994595,-0.5351179250535328,-0.3687081196726631
190,0.08379183059632364,0.42274085961078267,0.892082946416195
191,0.6655857843211168,-1.3952955902038995,-1.3286229688274143
192,-0.5076890495762847,-1.118744789408779,-0.8034213044703667
193,0.45738191844054027,-0.3746177561642011,1.5763259591405983
194,-1.2235874107659817,0.9517063433915421,-0.7774204668908402
195,-1.2206748129578047,0.8337155861399488,-0.4230491799641596
196,-1.0941624651581319,-0.21780481723332037,0.5607253863462875
197,-0.3428291277789658,0.32594050760663845,-1.1897120994608779
198,-1.1198105323185539,1.0787205627357515,1.5664054952658624
199,-0.6526563358756479,0.527508692447391,1.570122497956164
200,-0.3554491706841351,-1.8522311623164025,0.719854620475775
201,1.0865591759768505,0.9240581204913708,-0.3481771922235227
202,1.1089173869784454,-1.7719518246859223,0.23268909479283453
203,-0.5001003830599647,1.3415790597686519,1.2801656484259
204,0.9965579827686393,1.4069233174708131,-0.1622933577190168
205,-0.9029033064316936,1.237612235843602,0.47167082101603697
206,-0.9156538821086233,-0.11989236441512667,-1.8658841926751626
207,2.864654189662959,-1.2471964799319621,0.10720130705189376
208,-1.9670531632259918,0.16053550884052845,-0.7245868042581719
209,1.8149483311260568,0.6592968672721089,-0.5379904583076612
210,0.3581348180498651,0.39284848223329505,-0.6164863754240562
211,-0.322808178771252,-0.67585652331984,0.22311835808160768
212,-1.6087677230178867,-0.6014959094042465,-0.8527852837416754
213,-0.017701319299171906,-1.2083519649279764,-0.09587134111027543
214,-0.49943680160968845,-0.7831693736316884,-0.7319070863609344
215,-0.46695569480623195,0.013407628503429204,0.5795074725606576
216,0.5746499257899339,-0.7882585385016321,0.5111018859596957
217,0.3076732789376805,-2.3839224394780523,0.3651954687740797
218,-0.5133793196411344,1.3648823495692484,0.026841035668168846
219,-0.7046674199561067,0.023664278498523227,-0.4395816197569271
220,-0.9669634659713031,-0.31265887208678844,1.7515668448225858
221,-1.162798783487337,-0.10768775566020501,-0.7626618003242854
222,0.13582301318155293,-0.06266645598265248,-2.4137627080571007
223,-0.39365723310493095,-1.2338588687921956,0.8699196970679464
224,-0.5238283135509896,0.4273804934105044,-1.0490546367224305
225,0.5323436536221455,-0.20654160551585368,1.2960116004017617
226,-1.6846089598427738,0.8105292776432675,1.3436450718677098
227,-0.5529638716333206,-1.3046185781999544,-0.9463891598066735
228,2.250493329272524,0.006873327181754763,1.0175329760021423
229,-1.1355515457944514,-1.4762731208472073,-0.7345115314631511
230,0.7287686758569136,0.014299736821242184,-1.0910140281759695
231,-0.65201085520958,-0.3619994720844671,-2.2849881833113033
232,-0.26611518111147847,-0.2810129423414899,1.0423174861558004
233,0.4037779049364852,-1.6934916087700669,-0.9630521041036464
234,-0.1385767501627138,-0.7408573106112039,-1.3582108612778347
235,-0.3904428322779985,0.303706592613571,0.19298039954619944
236,-0.7775966646801342,-0.5349578898380599,0.1353970739444893
237,-1.378862530756893,-0.48363720188801773,1.1579025611310951
238,-0.055965752973464865,1.5652227480245517,-1.5568370487572885
239,-0.2978728277554521,0.6754753552049731,2.363804385207936
240,1.3502302607171635,-1.1792125884712972,0.5344768076404717
241,0.1813044655371477,0.8747722305322925,0.7397743528969511
242,0.3151670853925152,1.4289774200152272,0.7894697119813594
243,-1.2935781499204437,1.2380249681679236,-0.6673219337615067
244,-0.19055390030499653,0.5769675604003703,-0.5507203768996536
245,0.2760076722385289,-0.22681591068662915,-0.6129305944663791
246,0.8285230164307069,-0.9400616270793607,-1.2275029931060966
247,0.06136406477120087,-1.43706586525308,1.6421405370001676
248,-0.4473999758010048,0.7941373891445064,-0.6034237522864381
249,1.0829030289709474,0.5606197142852111,0.6924233813321959
250,0.06292785286743827,0.08829690813735226,-1.2987065838680545
251,-0.6781658795819984,0.38240587805699494,0.7594204025617509
252,-0.3184669994610517,1.2730226833485452,1.173674438757283
253,-0.4113055404179276,0.8272071825260077,0.7905181913349576
254,0.5910286206439527,-0.9531971292531842,0.8112233804080747
255,-0.6907239087238167,0.654440930377167,0.36744855766025375
256,-0.019607004269745574,-0.2981416062650758,0.9679795218223939
257,0.48260030644684454,0.18803696758578917,-1.9100522149201153
258,-0.4452002151541019,0.1445879256129238,-0.49890536519208034
259,-0.39058070516235804,-2.3775238540694623,1.4927487789940685
260,1.6742172982719452,1.9626969597422987,-2.058777992415524
261,0.8008598605940458,1.0817208534783427,-0.05277671463206803
262,-1.0715599175191903,-1.1765616213293804,-1.0283448251270153
263,2.495238530393025,-1.108275403122125,-0.6236701943981829
264,-0.49886759098541694,-0.3690684856975642,1.9489740891467655
265,1.4201345495836926,-0.8656511853268167,1.2817845716527896
266,0.44032328265810095,-1.1111172204041173,-0.3726563090243839
267,-0.28392870309041535,-1.7328810136488055,0.5144322823345335
268,-0.7742390373508622,0.8038331115140699,-0.9871257967776299
269,0.37098710245932565,-1.354728779639234,0.12082663104517403
270,-1.0202437479634285,-0.6633638051658994,0.7261632574754643
271,-0.9642499346720371,0.8922206798530039,0.0746922753549883
272,0.20018786647219017,1.3740149966444362,-0.18116231087222062
273,-0.7484099872489361,2.3863403053973764,-0.2332947913449462
274,-0.44084389314498923,-0.26576299853218044,-1.8618208857216827
275,0.5096496767782925,0.0037735161807323195,0.9203621514731944
276,-0.1809473517540919,1.0713529441217382,-0.4559558624853214
277,-0.9019802970435224,1.0547801812224673,-0.7867570895220393
278,0.7159097260586077,1.3272630629513316,-0.7700726156315337
279,0.3692362705606205,0.8624960456569444,-0.46351812845554025
280,1.3268667165308643,1.8801486969998322,-0.28029083199297944
281,-0.11713711634482085,-0.5118902319451089,-0.20252394654910885
282,1.01577627270119,0.3623623711920121,-0.5706893887402598
283,-0.6890998764047284,-1.5616792212213138,-0.2585541025158915
284,0.5841068342928151,-0.6583647795992085,2.955738914423966
285,0.5019605596406228,-1.063938473710976,0.7803921339463878
286,2.5195250425695366,-0.5044276851820098,0.808218707078346
287,-0.17696444620310764,-0.3617050118559183,0.24833827839946548
288,-0.6857684974126664,-0.30162019272555507,-1.6484330394442361
289,0.3408734406516144,0.6570891871444101,1.078179938328225
290,-1.115074769631805,-0.9351687326792738,-2.629211008971262
291,-0.4769728194794703,-1.628275553893621,0.11905462760933626
292,1.012561911122296,0.48923358208680606,-0.3237062593017229
293,0.30329218596244767,0.9784322675687992,-1.020104195408237
294,0.7647084433675727,0.22626406906957997,-0.774741397508212
295,0.1613259010460374,-1.769822333647994,-0.13326033653552466
296,-0.07911039716675454,-1.1432583890721058,-1.0590050026655322
297,0.45543837601541864,-0.8989123207562458,-0.9309837497153838
298,-0.9996664393251968,-0.1522727041279125,-0.6722465019216352
299,1.2396359976308735,-1.6902771498386282,0.2935608832512305
300,-0.10340745247200635,2.326817279926419,0.2809349213447146
301,-1.2461377416447785,-0.8257328849181933,0.38059859397857004
302,-0.38580487495078647,1.4637555287838768,-0.11002346304787847
303,-0.5532679730744599,0.6620835781632347,-0.8970916314778032
304,1.9749619529260094,-0.7195331053677916,1.0918294927120245
305,0.28191958844811654,-1.1885248011059746,-0.8655142492529334
306,0.5307600087546351,1.910445324344072,0.7816408127383476
307,1.777082599859412,-0.893235957035062,2.0865830547291147
308,0.8250005827013741,-1.8294214991362758,1.2356274336096564
309,-1.0797781330453347,2.5758023007758215,0.4369569999443777
310,-0.39222564383435404,0.005281785491186697,-0.27246527359772216
311,0.687585632754093,0.6225129025350874,0.6582724939311088
312,0.18297479606023653,-1.1180176759072638,1.4944086910579448
313,0.0844300551722283,0.21473217100497408,-0.7683601326528855
314,0.9948381019772261,-0.5880347629962656,0.01707026036778331
315,-0.2698513693000656,2.218296330629204,-0.5480431698195454
316,1.5822846576212461,-0.5386918397153415,0.14377756008389803
317,-0.28199661282789434,-0.3428016098189855,-0.25506573613312655
318,-0.01733095939741797,2.1765812801765505,0.11282988245594881
319,0.5992005766198728,0.19417047014724578,-1.6013865480937748
320,0.2093905651662246,0.18175172438568737,0.9365272412438069
321,0.47978898329330977,-0.9341745975377346,0.2593765284020556
322,-1.351512932447535,0.5979563081317747,-2.452597793475363
323,-0.5871432017618782,0.724309515581479,1.690911544845763
324,0.20237667375917265,1.277924230505024,-1.7407790568362393
325,-0.3047373357727748,-0.09382303927899564,0.3914222171212057
326,0.8171801979705844,-1.6011346830169215,-0.34300390859397994
327,1.735305630833542,1.1506431372568326,-0.6192726791229831
328,-0.6625801895301544,-1.306297197863706,-0.9139032536894184
329,-0.21664842839384715,-0.6931100037725153,0.47556602786254765
330,1.693004536635303,-0.23630791056455658,-0.36775886465639446
331,1.3875458666965312,-0.9067902101909645,1.0259870536635587
332,-0.39902065729252767,0.0777977917498533,-0.39023520635062847
333,-0.5365226915298333,0.03420243915945318,0.9616535178027655
334,-1.7702790823830088,0.7430954544143614,-0.9307781329974588
335,0.1615164151135031,0.1607425953182413,-0.6109220313680899
336,-0.5178456472941424,0.3494880712186721,1.3487593408116187
337,-0.19272601866149575,0.7771933107590714,-1.1421625499208372
338,-0.8053997023658283,-0.14029213950428507,0.08110138368452843
339,0.24055377748717996,-0.9474807668157924,0.9644737200136562
340,-1.0366272652292146,-1.3316349335094,-0.17722496865918239
341,-0.5406695918957263,0.5538929131955235,-0.9548339052852595
342,0.736674020808986,1.196476849736156,-0.7828820775273556
343,0.5839011977508405,-1.5403646027486608,0.08708372586494612
344,0.26701152356134067,1.180990895900438,-0.6090714611064704
345,-0.7215461898299993,1.9533631762158314,-0.3188932225906923
346,0.20149579642455806,-0.03581779983480182,1.8485079429864597
347,-1.9284689655601723,-0.3573495491846803,-0.6119199193377646
348,-1.232663177655254,0.39064433863265835,-1.9688589919898496
349,-0.42634194458419555,0.428503960480623,1.0799926050912743
350,-1.1851164510798353,0.5224951828025641,-2.7377371367698577
351,-0.9928051274153133,-1.2762605941663987,-1.7273359845469136
352,0.2907235378599163,0.4105702069554252,-0.5828442266106494
353,-0.6046098306986796,0.34166750430147164,1.2232655798890146
354,0.5256365253041065,0.5248279548207052,1.0036647402951826
355,-0.8739831274366343,1.3325425716587531,1.5703774469296403
356,-1.338397988907198,-0.3809942466795879,-0.0424255971769929
357,2.1939494108883526,-0.2958474995843027,-1.1870669804836143
358,-1.2109187314223735,0.8432161354728988,-1.6412198066387351
359,0.09372200177417822,0.3177665536256135,-1.342507079471858
360,0.6848606850948209,-2.5452180414715073,0.758733709016114
361,0.6175411989466218,0.4242230919878791,-0.5267677417198469
362,-0.5201932827815815,-0.7423295035609727,-0.07822941128693917
363,0.14809208964392886,-0.19374524787637992,-1.8498204358134855
364,-0.7592817956646616,0.3702225644695773,1.823871127388605
365,1.9863028670908502,0.6852995883869016,-1.2734467856975276
366,-0.6629285773390782,1.036006753705055,0.1953343662288599
367,1.568128982334238,-0.3978615296455854,-0.43145802968906766
368,2.036209771797621,-0.05039326849922592,1.557263321713828
369,0.4309686887090462,0.12131839024531223,-0.1332752306668104
370,1.2067577175406892,-0.6552344529170131,-0.7342732950418963
371,0.3793404006829062,0.8844746481888398,-0.08579657302069695
372,0.028769395246275618,-0.12215481822323154,-0.5805619291288068
373,-1.1984870436334898,-0.6053504910005099,0.6582961426633754
374,-1.8073055610997149,0.008622376893289133,0.3978520415730253
375,0.4535862460116057,1.3663621031956357,-1.7258517397010256
376,-1.4139673797192525,-1.1783944293194701,-0.5364917448743126
377,-0.5264159977782957,0.1408695178830586,0.6505807167129838
378,0.2426840136295479,-0.7525262602094086,-1.1314701788672874
379,0.8257857603846901,-1.2113252764683573,2.110661191203144
380,0.7970401517240734,-0.02013330132655063,2.52550092847837
381,0.8872728772480294,0.7561593080729972,0.5751790911204975
382,-1.3445222895335462,1.367767809679229,-1.5530026818600713
383,-1.3755641254858952,0.6168953827816918,0.8405319738314991
384,-1.7351249351640543,-0.7698354929338507,-0.22363966004289057
385,-0.0629298636290068,-0.1257672912333757,0.3038913083678525
386,-0.2535779403398364,0.11496108822708113,1.2043848181193253
387,0.7057394044833702,-0.18420764446595322,0.33687484662739353
388,0.2788894369193786,-0.3895992889862941,-0.04908667649058928
389,-0.8431616142720837,1.6084249281168816,2.036499041198451
390,-1.8072577604002469,0.300255240597363,0.24140413418518278
391,0.3294329412468639,1.4245378370045838,-0.3042512164291251
392,0.871342106462701,-1.3998954832764643,1.120575120515993
393,-0.6435209100886445,-0.031156625912158037,0.44900079272244475
394,-0.9943439761041202,0.12831276912652476,-1.8323342729409853
395,0.2498650604170783,-0.5853952971198583,1.1304330228760922
396,-0.1749687615683234,-0.8761956902982618,-1.1520147296776944
397,-0.23141627361902045,-0.12015321316779633,-0.30731671911857716
398,0.5380589395993126,-1.173843542595744,-0.2711483883148003
399,0.8724945535773455,0.953353178938632,-0.04708452393088553
400,0.7899222773291854,-1.9665266648179534,-0.5041681874261436
401,-0.02270862829693117,0.45056503600070735,-0.44105270555916387
402,0.05032796143505931,-0.10104640720882203,0.2628817100336114
403,0.4833281131240409,-1.907458738155721,1.615857631194507
404,1.24375371147058,-1.0746542840703466,0.21939381691999044
405,-0.9643412084139349,-0.5448237939319006,-0.3464200031408418
406,-0.223566880960083,-1.7528031498390082,-0.3863482778578909
407,-0.8891024135318034,-0.06936872980440655,-1.264644057820915
408,0.46984241100959495,0.49211881702587884,-1.1650592544210292
409,-0.1469618375290115,0.20779214343561167,-1.0452922328375813
410,1.034497674970074,-0.22718994647425578,1.4614993815853794
411,1.0031084735229805,-1.6867553426044368,1.4630661045425009
412,-1.4602807217906462,0.34707161517677165,0.8772337838317155
413,0.3478438648682871,1.4893974047037004,-2.5632327666420194
414,-0.4235063833031783,-0.014678761302070069,0.8331943335323829
415,-0.7746349061363805,-0.8718286186393621,1.9044594164396136
416,1.936859268913032,-1.3933332349973087,-1.1750585362927648
417,-1.278400130919066,0.016571300098184177,0.45334049029547363
418,-1.8670110677369571,-0.13061408932677765,-1.06457888584117
419,0.7250003112154101,0.036561946073661554,1.2063066014907886
420,1.2130922002138587,2.653590045007461,1.3639139349198726
421,-0.21056903548439362,0.4705097281092189,-0.4011466522663063
422,0.44944321796134273,0.7562520141132104,-1.6936242882171741
423,-0.6376890940084917,1.6174711489940088,-1.5529078790507442
424,0.5916864203725923,-0.7978289243987964,0.637281377724454
425,-0.07219838391177164,-0.2288304733556558,-1.744986144234514
426,0.3858926723069202,0.9396675942011498,-0.6864979387228157
427,0.09921644876353419,-0.8919656586495557,0.39876604753898376
428,-0.5680313069289584,-2.380515357919713,1.0369468112886258
429,-1.348060938138185,0.1426967189766861,0.47472639470410355
430,-0.1852584368132899,1.6979904616667616,0.16645734616469315
431,0.9636590255585412,-1.8954500777760956,1.0952850218646293
432,-0.28400040468326043,0.07634262482936172,-0.444032757804587
433,-1.022389073534506,-0.552440414114188,0.5132893416194467
434,0.8405110400087336,-0.11240987168654193,1.1388672071646675
435,-2.442599733815681,-0.8305228605789525,0.39102608345091733
436,2.667584115893567,-0.29787933706132885,0.7537460160520496
437,0.4954087773304856,0.3896380724097159,0.45139851474184445
438,-0.19363665194447802,-0.9360059481381675,1.110597932486368
439,-0.5236101224966784,0.6508231083536837,-2.411136894754136
440,-1.6470281973303817,1.5855709729464889,0.004025386706100643
441,-1.0859626695076072,0.3431053030021844,-1.5747151626167661
442,0.5036436319435017,0.36548333528150434,-0.8457804201293291
443,-1.3638500280871033,1.503295371585229,-1.7241890282792625
444,-1.028563318044411,0.8803170878474437,0.5058921329065881
445,2.149259998423835,0.05365428029659161,0.8087269235838677
446,-0.818592875306234,-1.2889364897103002,-1.3274832660520874
447,-0.38043792236807245,0.3456933780693674,-1.4631978390611202
448,0.8055546216321927,0.277775022864744,1.4282859369747352
449,-0.7907071503890464,-0.35437944069703226,1.0095079076960365
450,-0.02097658244130931,-0.5199164591729928,0.05077442541491518
451,-1.1669458954931844,0.8493656643454184,-0.4470219357086699
452,-1.5242407145559222,-0.04659710241043511,1.8572790597648134
453,1.8278277402065901,-0.8706307196480769,1.8185088858328828
454,-0.4908824950214807,-0.7071204937939405,-1.2893607654737256
455,0.5442807436736705,-0.517711161617917,0.10097988572111438
456,1.3442427746785808,-1.6796216565898592,0.3055496307464343
457,0.7634818117137904,-0.3069511318415426,0.217718679114842
458,1.2936324447708063,0.8486319935278379,-1.1732582536979395
459,1.15115529598048,-1.4932989797552203,0.8461091044425724
460,-0.2111759608323146,-1.0459679489760745,1.4779331019155428
461,-0.43076729470544006,-0.3613980325608195,1.537611839834498
462,-1.1167312553045323,0.43175636677828966,0.6782242618074515
463,0.6285810766666297,0.7404099238153629,-0.11360630294585501
464,-0.4856721086810886,0.9594296786775817,-0.7870143756023222
465,-0.16104416994150267,1.3133901019638892,0.6690491242289394
466,0.6363855637605365,0.0314544287334595,-1.3640264170176386
467,-0.4471280300813796,1.1734925784840544,0.9801708477451291
468,1.1152907246434167,-1.7935302594072147,-0.5969264524916411
469,-0.48084345763333397,1.9403348789613173,0.7137480837704541
470,1.2286233866153717,0.7951541820329393,1.2141118247340148
471,0.28433243432386845,0.22331007276562848,-0.5600220820228806
472,0.5084872045202582,-1.2275650948290877,-0.3608558349349747
473,-0.8596627746396489,-0.22023121263286616,0.5188460718077043
474,0.9015545769203981,-1.2549110886558488,-1.8079509912733394
475,-1.4910429258565387,-0.229651288671126,-2.1060723362631575
476,0.7831693899275902,-0.5201624805681392,1.5489796529103947
477,1.4897500075022254,-0.38892272920828536,1.185561355035136
478,-1.0304223013129254,1.7006835197943382,-1.3689321295443164
479,1.531357496309328,0.4251930181399165,-1.134956861446549
480,2.5782028778449133,0.08756034323158277,-1.906925904799322
481,1.7126626153636777,0.38121963456380764,-1.7971423805017879
482,0.2538526035838978,2.40634477408892,-0.6433285596655005
483,-2.21397794238953,-1.2201173690513503,-0.9603275420246701
484,-0.4268167020458111,0.9958609679175858,0.10202989470147644
485,0.029887009392955896,0.36998582888030646,-1.7482872112989938
486,-0.707855395502459,0.8984521492545997,-0.66587292423669
487,-0.469886761706204,1.3241143553404922,1.8708021107375667
488,0.30885032122208494,1.183436184003891,0.4341228209405586
489,-0.9826701854898617,-1.3378293890201343,-1.3766769163177281
490,2.701022503930053,-0.647463463654664,0.5012828810521388
491,0.5305467945300238,-0.3711176100874102,1.1644548765534564
492,0.9161234563165748,0.1486627732332536,-1.0075321378420283
493,-0.6866485157419683,-1.164582671474567,-0.7721482090918621
494,0.36161660651831623,-0.05997241706903726,-0.16869630241599623
495,-1.6189275652707933,-0.15403522824629318,-0.4641075379348653
496,-0.17624521946531588,-0.38593737183046845,0.8450095543326398
497,-1.2727538847152982,-0.7557965926129293,-0.31036908399971735
498,1.526112480215433,-0.6351145398687905,0.18965539871656156
499,0.3547064703107134,-0.04370808580248903,-0.14186275001134335
500,-0.42135749446924137,0.15707920654398938,0.5388917228471654
501,-1.2876086853283182,0.08133194205389352,-0.5481396423179954
502,0.0596866459960228,-0.009653147861877433,0.5884622660197117
503,-0.07839521766095779,-0.22347359985764884,-0.7306189444810767
504,-0.23832123716618314,1.2989556804812918,0.5982071892382537
505,1.1681944576186651,-0.4648685033518596,1.2190571129527694
506,1.415796073843379,-0.8349825231554081,1.071465223454999
507,-1.3780924866414506,1.8030878544250826,1.1848060362324637
508,-0.6815544926233541,0.47970228868838133,-0.6513450434933064
509,-1.2757394174452168,0.16487221228646842,-0.9563136636579003
510,-1.2265370448508794,-1.2023260080549536,0.4035774140277391
511,0.05639220611540167,-0.1466860848372088,0.7156452037093806
512,-0.5651732905577955,-0.8343059049797357,-0.08602964418147271
513,0.21150563425171068,2.100415222053823,0.9488673461392085
514,0.21888865435343965,-0.6210686903409275,0.44711784296317203
515,-0.13033125859956365,-0.5211994662685306,-0.336014521440114
516,1.834074980731895,1.3582958486071302,-0.8718823661642009
517,0.15954785943441605,-0.429531364323074,1.5183238646422321
518,2.185737313072135,-0.5181325814307822,-0.19687784657752444
519,-1.3132857533852356,-0.07072125067514724,-0.4146274181671747
520,0.9710621650657469,0.04397572103966239,-0.7252508720265687
521,2.354082788706746,-0.9885452630553861,-0.1945393377839116
522,-1.5068356674240662,-0.5408527072447376,-2.589252150694907
523,-0.9906094420078022,-0.5907604223115377,0.343126428890133
524,-1.3160855237698585,-0.7011697664459522,1.0355731544843843
525,-0.16347464884890453,-0.487650057057365,0.6692083008342611
526,-0.8584151879068211,0.46795823133040254,-0.14331538379810244
527,-1.4898074143126339,-1.863300700542266,-0.009840014030673184
528,-0.5314500327700634,1.0099144371694235,-0.8549546372056196
529,-1.191561715864856,-0.39694508999266903,-0.7706556830000859
530,0.418159136363384,-1.1211090211965002,0.11323953923219482
531,0.47540407233220094,0.975951799221768,-1.259412930515387
532,1.2802768179998694,-0.8108051782953061,0.43872973804550464
533,-0.31662001606457507,0.30137185650617127,0.6158965840913904
534,-0.7617153548287395,0.2660457396852226,-0.10968271341144792
535,0.053492055962354935,0.5551140315847151,-1.5149798312182314
536,0.27269704941774536,0.03304739955602413,0.5681518087776661
537,1.0168109399320382,-0.6795544124205879,0.15915823915405103
538,0.6244660300308168,0.7618569887368183,-0.02326694147884977
539,0.5279028720027278,0.2701691847017494,-1.0732111649111489
540,0.9079813121666792,-0.8885900264763653,-0.276369535336271
541,1.104701781606585,-0.7694802217161403,0.1258586058799274
542,0.09501688589630099,-0.11582284762576499,0.17505203123966012
543,0.17340559066427488,0.20117073753117956,-0.3707404067294521
544,0.23652533375865836,-0.005593456347298393,-0.5427826823006007
545,-0.8344181048106077,0.045026062732966325,1.3527506902460416
546,-0.9693682767273257,-0.9266278060110438,-0.08669364471249712
547,0.943042979672727,0.07514325163151023,-0.6391185051844409
548,1.5492465996266813,0.33628735844346713,-1.9694102231656558
549,0.5716359033051523,0.49425912055445326,-0.9946699271264191
550,0.559897236670788,1.292113078686555,0.9972163422929892
551,0.17409315814625906,-1.3527443495554419,-0.002911228542430196
552,1.6919639923971341,0.8560722750872126,1.128285633083758
553,0.20529727853688204,1.2635050806191426,-1.1293511092426982
554,-0.20764317720979358,-0.05568534171022099,1.131381653839594
555,-0.54700979087534,-0.34585966856734107,0.6182564269071709
556,-0.1806917505883591,-1.0562610889935897,2.4560873083602437
557,-0.5459356376110426,-1.6083790104950273,-0.3014837441890969
558,-1.6528565199667122,0.9682650056679152,0.2519601614287034
559,1.6734970533345714,0.5378344902768295,0.23180815523425746
560,-1.080287419108574,-1.5905684692806141,-1.2682252718752047
561,-1.5962192068598875,0.1741375966033011,-0.21202269154671838
562,0.152946545231432,1.1209984028554978,-1.4631071302811032
563,0.10536599553869339,0.26893204094828405,-0.35952314731487633
564,-0.9677708455398936,0.18759266546524164,0.3584904474162437
565,-0.4757639913302268,-0.15225758831326294,-0.05200347966033822
566,-0.49362297695084023,-0.5042513876076622,-0.00465556234577563
567,1.867999314755292,-1.0020977763774463,2.3630323976732606
568,0.006330687525962253,0.1676741786078594,-0.3762252345458455
569,-1.4565917406493392,1.0666457004887326,-0.8844019286380828
570,-1.1265366029346324,-0.2066655626198438,0.8669977043942674
571,0.38049514916412996,-0.7505754955057896,0.9307624329923708
572,-1.3378342740415616,-0.8183622907847612,0.9480992940648381
573,-3.0591076630318548,-0.478047473129494,-0.6279198268250725
574,0.5635151317569973,0.04001789367334684,1.1105879717391949
575,-0.04389852319197028,-0.4055040292013002,-0.6819543191845264
576,-1.247267701270929,-1.607178518966792,-0.12004430732284495
577,0.28857281480800523,0.26157633005746905,-0.07110604183571187
578,-0.06574653504152525,-1.3732466768971014,-0.8549755391731354
579,1.8307035072072608,1.1609998514893431,-1.086316358360943
580,-0.8572589421077883,-0.3158142045692216,-3.216206108099815
581,1.1544249153443662,-0.3090364724746877,1.0980685510793549
582,1.1622697180188015,0.0024359378356848846,-0.5881156301529554
583,-0.2371744342490517,-0.5838598598238927,-1.9619495467342205
584,1.2719625931886445,-0.48118880887527743,0.22789732334170057
585,2.688346270476062,0.9785383329385791,-0.04912862847103355
586,-1.8780946660295612,-0.23348283124124217,0.7330123765977442
587,0.49797240084279354,1.335169318651577,-0.13032369929933293
588,0.2708727387341685,0.441929912866182,0.24550126192767324
589,-1.832812291797955,0.45583451005809084,-1.1292282329594956
590,-0.2837333533451454,0.03771589889113369,-0.19998977832821363
591,-0.9812904067933206,0.24982379396755644,-0.7799291852858339
592,-1.0553008349819766,2.9838192254669704,-1.31269817462795
593,1.340474564691034,-0.23226820644495969,0.7104913804798606
594,0.9464313226566636,1.3445963091551472,0.24315116335246806
595,0.6633127316529189,0.34657447062536445,0.8071527620380554
596,1.246926079555423,0.7202612022071239,0.0653590266851039
597,0.9671426518964339,-0.8953000837057832,0.609287304174614
598,-1.0182521739424029,0.9088175770321625,1.0322450990201792
599,-0.7669064203694235,1.0988910188794268,0.3869584479288057
600,-0.43763478501206954,0.34446264866582,-1.0884952293440975
601,-1.4690033561620082,0.20664649927851256,-0.11581936792572022
602,0.8474626786744401,-0.7695098195188864,2.4066224063082773
603,-0.09202302177643795,-0.14352950182638982,0.6744619198409925
604,-0.9375032754334762,-0.31644240969767223,-1.6569688145457329
605,1.212811407843617,-2.493594702472473,2.296268334067432
606,-0.29143408695421114,-0.22847869682440589,0.5636573614301482
607,0.7173107873424412,1.022261367392397,-1.6364556677580728
608,-1.1318574919485478,0.1792313350226108,0.00443470258260561
609,-0.21909933580266072,0.39681412171427793,-1.843691823159544
610,0.52449607681864,-0.6547225796948617,-0.37198004345905417
611,-1.0985546633786938,-1.7817628759437927,-1.8363315884503266
612,0.916450359280283,0.7603699015890689,-1.1839559353444178
613,-0.34279696530916365,0.3376659971261874,-0.986944623282715
614,-0.43188059864629336,0.4234873371396275,-1.628977023623493
615,-0.08157893863476308,-0.29991306623147834,0.9959404875865079
616,0.9282151075566036,0.20921551795161786,-0.44142172512986577
617,-0.8926782477921853,-0.3727864539330661,0.7546383511385452
618,0.6413170426802347,0.1594785068545563,-0.06114706777541682
619,-0.7556904000876177,-0.9613212874058102,-0.2767903561512949
620,-0.15564112741346608,0.07594533055094942,1.2918768592826384
621,-1.0574915391540711,-0.5780374253107916,-0.8983459338224665
622,0.45307290908061865,0.28448673371282795,0.18408496939669808
623,0.0022377760238489683,-1.9988084316373746,0.04734901809711283
624,-0.4204053386986185,0.6277811607871857,2.1216353346122183
625,-0.6514356451960074,0.18189267555738564,-0.38885067941770984
626,-1.4182013943938976,0.2230669289051442,1.1904910855724133
627,-0.49081033428373694,1.1151725613764583,-0.012109193179541747
628,1.0516695999910644,0.3065219079145532,-0.9994066078888793
629,-0.12056095333576596,-1.4066091132529728,0.9025073946861615
630,-1.047230992599352,1.005006121556126,-0.3686142155718627
631,1.9557547352027096,-0.2806194865081327,1.5405649440030145
632,-0.08127983889317617,2.345074784390661,-0.6965630043857979
633,2.2086598665161477,1.5453654196906985,-1.111095569277614
634,0.01959000684054698,0.07482095319569765,1.3715100170002728
635,-0.671572504972519,-0.4789894958035913,0.43216677754414934
636,0.5616908701595245,-1.747474732449995,-0.26563407559647034
637,-0.500477020812678,1.4619465059953802,0.910360727590732
638,0.3819483347300034,0.4743964504650903,1.1030570056737548
639,-0.6431140669550495,-1.0067862808809938,0.3401730249796362
640,0.5760978689643032,-1.3881193864622199,-0.7356735319117615
641,-1.6846055867684095,-1.0786391387990009,-0.37481434905886385
642,0.34165780071764473,-0.5338109877165542,-0.30040575333678193
643,2.2794290631376453,-0.645653036390602,0.007269363435505922
644,1.447832011491422,0.04776072223738468,-0.871055753324437
645,-0.6023187738637776,0.10783407318152187,1.1516923605665244
646,-0.37723292408611403,-1.395125045473167,0.9887065379684485
647,-0.07595546469261631,0.3032785227020788,-0.193282416550501
648,-0.8530032299386621,1.536159398817382,0.18301150565437752
649,-0.7266133721226823,-0.39759778742784074,-1.130926233266175
650,-0.8383079478466573,-0.10260953163659645,-2.104407903505024
651,0.4554473217275219,-1.1504606514817262,-1.7200668838339772
652,-0.4536353932133047,-1.2436302899565612,0.3137103610888933
653,-0.16303390802292264,2.153031821163201,0.48133694003901173
654,-1.041024754500771,-0.11866527358034612,0.7273449222872359
655,1.2298872033533665,1.3696218929830783,2.005586286032244
656,0.8130690724629543,-1.087018558308432,-0.5584853900223017
657,-0.17443609713238736,2.27141108143242,0.7975438924954665
658,1.17922599021045,-1.1377393912697567,0.05349616293433507
659,-1.0521229495841096,-0.680418022174955,-0.8658188489755478
660,-1.5501659143187232,0.1119900636643476,-0.8027606606650937
661,-0.7912193535703307,0.7708894050457453,-0.07065065860553872
662,1.2327305280843794,-1.7382641987581162,-0.26540277544235547
663,0.8334618292937891,-0.7637934008253637,-0.5760488945535505
664,0.4895351235711923,-0.5111353317654501,-0.20206208379641882
665,-1.0089007767170728,-2.7491428085979757,1.5724910125692757
666,1.1424788475333545,-0.5988024249679236,0.7677762003528947
667,-0.44315055992143354,2.1566762430145174,1.2384704811469953
668,-1.0821027405655077,-0.3924930203772112,0.18752962079224392
669,1.4692677613152247,-0.6530757153283684,-0.16450183375072316
670,-0.06284355913502994,-1.0815918927704955,-0.445921667408852
671,-0.36745428925330764,-0.781575485945274,-1.9299727578700594
672,0.031355987079765085,-0.2585432336095242,-0.38579778770402084
673,-0.1402195365967509,-0.2245102539113457,0.6725457514603078
674,0.3484681811381152,-0.19762484553367413,-1.4195377267335645
675,-0.05784978377011614,0.5377586585572268,0.528075198783258
676,2.9625487551747165,-0.4003556301937596,0.6758233961457248
677,-0.06375134605017797,0.9573546607578626,-0.32521103453968714
678,0.38169856440020095,-1.1465628808389212,-0.1587510556180652
679,-0.17632925629668686,1.8066864812152557,-1.4752241169812244
680,2.9735380953871884,0.28993381416207425,-1.1708445577848579
681,-1.0563475409653131,-0.5049674169488907,-2.8207610761677424
682,0.35117727891130357,1.1944897694591239,0.8358071299566022
683,1.997474511837162,-0.1513576315865291,-0.6186365650519496
684,-0.4540343676843102,1.7196070791517304,1.7799497575562768
685,-0.9789895328779765,0.1926547469496598,-2.8147208032131403
686,0.5643187021286926,0.03425225651323094,0.6418740657659102
687,-1.0884210338683515,-1.2612525409926576,0.2189015279861212
688,-1.2193314492363134,0.7605316783931751,-1.185231179095382
689,0.5235565406273047,1.3987322681176868,0.32123751625225977
690,-0.6940621034861956,-0.8334014747317924,2.0027344081039837
691,-0.24412553984353727,-0.9000244764891977,-1.175177995390789
692,1.2356078655739149,-0.8424341367989475,-0.8502244711269595
693,1.1743699965301757,1.589029049464383,0.6804214011016452
694,0.8756709274304012,-1.2521023333046517,-0.18853667514525643
695,0.5066352877335788,1.9131767404919713,-0.208205938854738
696,0.333356123824312,0.9605151933975253,-1.3047381078790419
697,0.4862399551913551,-1.615345446894421,1.7600788440972028
698,0.16733038056507524,0.1664606758729501,-0.8064893245417506
699,-0.6859345985219553,0.2608017501396499,-1.150859004350335
700,1.1207451727432427,0.3148829826331229,0.038499885575110235
701,-0.09929198753882854,-0.8213218232004229,-0.052815568116675135
702,-0.6702543487807678,1.3005363666563272,-2.3031332531000963
703,0.9206290340288794,0.19784004610242487,2.1813458897763427
704,-1.8213279612664253,-1.665370169116813,-0.9917844127888784
705,1.0161173590406778,1.1080371914870226,-1.3893317173272886
706,0.4324916494233688,0.3132233534603728,0.8716789146569754
707,-0.938834896388182,-0.6610731123073905,-1.1534385615598466
708,-0.7271130542760524,1.017877036101107,-0.22127241067561038
709,0.07132959660072284,1.375860748760018,-1.5490764417970946
710,0.12627681473476352,0.4548624661969848,-0.5582626272953534
711,-0.08907203484335507,0.6128252326287095,-1.9001297142692504
712,0.5034753608562939,0.35110508809438257,0.911913667759784
713,1.0273665186370913,-0.27251217981250353,-1.0248814637172505
714,-1.588819299522024,0.1336053386174338,1.1292636547626884
715,-0.013818080708989475,1.5692323193515003,0.0904912156935905
716,1.6441107857134867,-0.5002561595342975,-0.5297877358441831
717,-0.9729942049934112,-0.1476419177098663,-0.27087477380279285
718,-0.18148185266370434,-0.13717212424216688,0.22922312464016975
719,1.3930480366259042,0.2491622716914602,0.04428620848014145
720,-0.656310801405586,-0.5435307855555871,-0.5427378027992517
721,-0.2164742618095962,-0.0984539768174524,0.6520589081613807
722,0.539635580810173,0.7562539001095029,-0.6731809693646797
723,0.7898055826550825,-0.8537149411883997,0.7289354538316367
724,0.4516913924941398,-0.17067394698374166,0.29730004553637995
725,-0.035643691524668356,1.3541167851831086,0.4010669104771215
726,0.9907766919738157,-1.4440122670134174,2.512494957072132
727,1.025424498061423,0.24744658770890818,0.9534445933171944
728,0.8394965539167881,0.5802694064286034,-0.2910805972723223
729,0.5177697017807477,1.2772526711990102,0.7960313839257193
730,0.5794950167868989,-0.30824477473972667,0.19098677856249652
731,0.06494362630117091,1.2657672432212705,-0.03146184849310806
732,0.03261626121499246,-1.559213937392501,-0.40027774010190487
733,1.5788658045710753,0.8246542439269955,0.5813825984339408
734,-1.0547855797938315,1.306078398304716,-0.7520922509926079
735,-0.3641365563306972,-0.02124095052747254,-0.44054204071037456
736,-0.5966832333038071,0.24017568911860068,-0.14093552854129054
737,0.5911502986920772,0.44620250456348914,0.10006178174733138
738,0.5038298154920003,-1.1529904917052338,-0.9591402664045569
739,0.9046183899271123,0.03470049728914697,-0.8116376355209578
740,-0.32500392782734583,-1.2808455180050973,-0.07165736154181342
741,-0.3771879293566181,-0.6081472726137097,1.5239450264423813
742,0.3295800561861829,0.39392067242617945,0.2849595075489188
743,-1.3138942323820237,2.567610949628558,2.0743806474178994
744,-0.5099443648738404,-0.7465218315533695,0.6280195301536344
745,-0.13199157067414446,0.2765899284957134,-0.6351561035943766
746,-1.2771178300134307,0.7902979655711759,0.9894065040756025
747,-1.135433527323492,0.3371531338915724,0.5997343172408875
748,1.4081522401786497,1.0951109531856333,-0.031557073964513946
749,0.26167478960958124,-0.23112681088641696,1.977345046177634
750,0.49332655470218045,-0.7287603346938457,0.17945303510712318
751,-1.0887726463272223,-0.3130599837361308,1.727222886043942
752,-1.25637398294528,-0.49726942163955296,-0.6020335144589658
753,-0.970710496475941,-0.39723964479603097,0.4815869097499331
754,1.03256128705652,-0.48278591787543845,-1.9637989038211427
755,1.5464146801306313,0.22201995590480267,0.6120461308006159
756,1.0061848667743438,1.367240835077302,-0.6308591064125083
757,0.20062269988628056,1.307438957643303,-0.9335671764364132
758,0.750998155335518,-0.10589295940463667,-0.9099326661890826
759,-0.9257773936419295,-0.7255532230124482,-0.04099837674842083
760,0.2248884273232185,1.5100348914895692,0.8430121353796034
761,1.4947342893135638,0.3862544024205386,0.4338205366108751
762,0.07569998566230111,0.02127637347326803,0.391823948917184
763,-0.013451488694344458,-1.6945754536067537,-0.5580904829481075
764,0.022348160314976058,-1.544690888316792,-1.783753831137742
765,1.7489629184699473,-0.3197589339727569,0.6123256604610272
766,0.04023197330794406,0.4694513277618977,-0.006336969788542463
767,0.8370079996651919,-0.3959722039157525,0.11022378329620637
768,-0.21947101782642792,-2.52636725053211,0.06114119712062214
769,1.1093361385395737,0.9612062229335537,0.14711485857087264
770,-0.30614299769942854,0.09632697578695101,-0.08137993021086128
771,1.2910611496886424,0.801719223209002,-0.6923744112880581
772,-0.20763815552445686,0.24900523910972835,-0.06027571052315124
773,-1.5790400927040926,-0.5353180050229642,-1.1531199292278296
774,-0.7414432233496115,0.74029431351134,-0.43023508319369297
775,1.8151525793032441,0.8423471971667333,-1.6307526381083162
776,-1.7287891159439328,-1.2439823491547106,-0.4955278284874953
777,2.147631122450553,-0.13910768382954744,0.2189032640153381
778,0.2677371161307018,0.21664526719176547,-0.944000331751869
779,1.487057654985036,0.6802848117804302,-0.21094804057778757
780,0.03152466914047479,1.789273485672697,0.8286604094490347
781,0.5688538610621016,-1.180230596946799,1.3790749359089403
782,-0.03485149395993143,0.6725177144289024,0.11627636260385735
783,-0.3559194066175086,0.14613597395673159,1.0110760247047559
784,-1.6842178727736334,1.0770911095889424,-0.9527062421480035
785,0.44898758894874674,0.8733467029182413,0.13405162775506227
786,-1.079579830216656,2.3947397818903933,0.6875198812710227
787,-0.46571995033110025,0.3001546233641417,-1.1767703039819424
788,0.2423464807268381,-0.4516516261177585,0.10930109894661841
789,1.0446968698391224,-0.6704207918964357,-1.5247381398617885
790,0.7826758827172983,0.6896450229313164,0.2094659344203253
791,2.7603543263752504,-1.1414150334479685,-0.1406788258770953
792,0.23781929130022605,-0.5511582536986696,-0.6492532313698036
793,1.3443045996642302,-1.4701558728808053,-0.3986138111207456
794,0.06299406860328773,-0.40362984839012356,-0.12448110622443839
795,1.6994404555522484,-1.3218005722752342,0.6905334181530334
796,-1.2033361432095615,-0.10753814280637038,-0.20070782888848232
797,0.7233759641129582,-1.256242640502679,-1.6020391187135083
798,0.06659329274493643,1.9404588895070534,1.3603601084033274
799,-1.1330184684399092,-0.0846103580326747,-1.4186794389632735
800,0.7340345989379633,0.7545660582140366,0.24695642022756836
801,0.6104452388765849,0.09011391493019491,0.6284991854026013
802,-0.7540863164029061,0.768333429274577,0.25597306384511825
803,-0.5729740204958097,0.2597081905911234,-0.60359636626432
804,0.44133974705431417,0.23681915519853003,-0.052032867959287764
805,-0.2585593600514354,-0.44022240540074614,1.5021966090399854
806,0.8228101907940835,0.08840978104994507,-0.5781900786108217
807,-0.44344293751217273,0.0038988296322316303,-0.24869570699477467
808,-0.22730642260500306,0.5137411533606743,-2.005162532382268
809,-1.078204956840698,-1.4638382547625572,-1.198719677310158
810,1.042756073401357,-0.9250981043024273,1.8786863775378695
811,-0.7636356124201762,0.28756966374552456,-0.6964745518855054
812,0.17584881311673542,0.6681834272988965,0.9003978521898068
813,0.5795452126420131,0.03975760031617757,0.695319891240829
814,-0.30093115824261446,-1.3928074935355446,-0.38455924369835676
815,-0.3361553211507165,0.42670738840120986,-1.1093193915274144
816,-1.920546704842939,2.099930593630764,-0.6072236788079217
817,0.09264014826095604,0.7499342681448318,-1.0328995269533683
818,-0.5225101619938786,-0.10141917067197839,-1.973769878771329
819,0.47049021213593517,-0.7847777762551118,-1.069678023530673
820,0.48224205434203726,-1.2943498661863388,-1.0893695313438652
821,-0.933551608956399,-1.178200565745404,-0.2267664293769555
822,1.2183683350790477,0.19095661477591824,-1.3774510963714321
823,-0.14665463485928906,0.29279295908441483,0.2536741567558119
824,-0.17518854666170955,0.5880460224852667,0.7070975613878948
825,1.4598169970058048,-2.907204497764699,1.3767481392905163
826,-0.3473012355849782,0.31070156679935107,-0.6400853317973199
827,-0.769605900597772,1.6127305488813843,0.7001550410552695
828,1.7864614261677847,0.23821074425928027,0.4417668935425931
829,0.6964886801666423,1.6090208821619396,0.09607633808577999
830,1.1280273358366373,0.22598540322845656,-0.28625717045343546
831,0.8049393705607057,0.42274288285248396,0.05470082135944752
832,-0.7288003856456254,-0.7861957441108235,-0.011208854779672409
833,0.4841707962627789,0.5306301646785635,-1.6887896048253614
834,-2.4641722726640003,0.11799394256765099,0.778243655206189
835,-0.4934846117105981,-1.318998477409878,-0.56660240004413
836,-0.6010473663988871,0.6516802143279761,0.8518229466701868
837,0.463629607874519,0.30940264724785066,1.0370753957310468
838,1.5164022713526555,0.30405242707032437,-2.200382880473947
839,-0.042078385366845425,-0.32224386931596805,-1.8430668433756126
840,1.321676817400741,-1.2230568162614037,-0.19069715272159093
841,0.05964795360135359,-1.7384326324471573,-0.37786377284630507
842,-0.38636790998608744,0.9233440106307811,1.2957866168131893
843,0.08975556349399635,1.0557141083723285,-1.7129838639440016
844,-0.059674601050091515,0.796286363610712,1.3190507069510946
845,-0.34190141345253844,-0.28793998486341055,0.816321248616146
846,0.33886145938072154,1.7524912386529914,2.074575559003299
847,-0.754699872803148,0.34915633202462426,0.7941758743522616
848,1.2895658113080406,0.5064461410143506,1.0913558026320043
849,-0.501125784533247,0.2825902004101158,-0.45031059471088564
850,-0.8386297877391927,1.245360719227309,0.24118914601564279
851,0.6827751847228176,-0.32715586884266695,-1.2505341115453872
852,0.055592268691172855,2.3722545103325188,1.0817990103965076
853,1.785529185773779,-0.24725394622682634,1.1807958688905662
854,-1.5670803844192076,0.11112259717205439,1.309153209645018
855,-0.7567537901038268,-1.0661707353088483,-0.00919313414853017
856,0.9169657457563458,-1.1060030933953608,0.5850771006838075
857,0.9929599837741497,1.6382111040136849,-0.20541067638397403
858,0.10376887185381174,-0.11171706768654377,-1.4811800322946547
859,0.8257152347093425,-0.3388741079315633,-0.6307453688689078
860,-1.2833758150509271,1.4398710513825181,-0.015814455718245985
861,1.4132409563573143,-0.608970658020477,0.8143938577077013
862,0.4088876322126142,-0.4975777079320023,-0.6056494754924482
863,1.0280829373474183,1.0967003466806777,1.170046362546207
864,0.7723829138355031,1.8036895087822382,-0.20830336462170945
865,-0.10225444536765702,-1.203393278162138,0.3561527320030868
866,-0.28703028076791726,1.1900105896178095,0.5160105628797698
867,1.4746367478137263,-0.8681281999309246,-0.6626357619915213
868,0.42763456318580007,-1.832980655088652,3.054425717536446
869,0.9626193018842227,-0.5632243662993233,0.08533027081869157
870,0.6709847400653061,-0.8121438883848975,-0.14757103976934238
871,0.05854853869961683,-0.812721217596287,0.2550176292953494
872,0.011982240992517542,-1.6459929371111872,1.6503168741903154
873,0.7393423656480037,-1.0370883952968188,1.069842021812817
874,0.5857470015070952,-0.036822759435721865,1.9173904648950373
875,0.7581013424083376,-2.4982719737888104,-0.2055562362675265
876,0.5146253121535497,-1.342367133539833,0.2220129477569379
877,-0.8848570430918841,0.28921618063464566,-0.9361586349514782
878,-0.1217353306762277,-0.5958378614482536,1.2709713372073914
879,-1.242026277861228,-1.0207722359094373,1.1204661601874712
880,-0.03436669137183429,1.5140242902653207,-0.9759082135116102
881,0.41466257264309997,-1.5341719433902783,-0.017269766456570513
882,1.3181987694883792,-0.24119898783330654,-0.6302054817704554
883,2.0047283855742823,0.6053201535740669,0.4260840947314529
884,0.4617140692482543,0.12124872973722331,-0.39072985119497683
885,-0.8887013486712297,-0.05121463156365413,-0.6158514055367259
886,0.677798276297156,1.5903996670750764,0.6090024759574963
887,-0.7111634499372136,-0.42272178835881635,-1.2268954710662159
888,-0.6585031815383042,-0.4182433961131385,-2.3937310677865526
889,-2.3527640422347806,-0.6718042960626269,1.0884081240958432
890,1.1934218121837774,1.760959121741454,0.4702247856515779
891,-0.5605455026853349,0.6785702078982242,-0.2545377699297801
892,0.400180618461455,-0.2792395365134543,-1.3386616884351061
893,-0.9238128513028441,-0.9258831239860091,-0.6831823866526904
894,-1.8510301464406835,-0.6746122019455153,-0.374551156658913
895,-0.782047115469233,0.583999663623064,0.5689216565079523
896,1.158180576715183,-0.8935435701542886,-1.097130836177281
897,0.5941023491407283,0.16808114499522706,0.6578297476239154
898,-0.11488618743551725,0.273791091218647,-0.7879276971928015
899,0.04102328809827,-0.5052055778568291,-2.64043516561432
900,-0.8581464553297535,-1.0009094656828301,-1.3552947247242697
